mutated_sequence,mutant,Phase,Rep 1 A260 nm (a.u.) (control subtracted),Rep 2 A260 nm (a.u.) (control subtracted),Rep 3 A260 nm (a.u.) (control subtracted),Average Absorbance (control subtracted),SD of Mean (control subtracted),SE (control subtracted),Scaled Rep 1 A260 nm (a.u.) (control subtracted),Scaled Rep 2 A260 nm (a.u.) (control subtracted),Scaled Rep 3 A260 nm (a.u.) (control subtracted),Scaled Average Absorbance  (control subtracted),Scaled SD of Mean  (control subtracted),Scaled SE  (control subtracted),Bradford Absorbance,Activity_cutinases
AANPYERGPDPTDASLEASSGPFSVSQTSVSRLSVSGFGGGTIYYPTTTSSGTYGAVAISPGYTATQSSIAWLGPRLASHGFVVITIDTNTTFDQPDSRARQLMAALNYLVNRSSVRSRIDSSRLAVMGHSMGGGGTLRAAEDNPSLKAAIPLTPWHTNKNWSSVRVPTLIIGAENDTIAPVSSHAKPFYNSLPSSTPKAYLELNGASHFAPNSSNTTIGKYSVSWLKRFVDNDTRYSQFLCPAPHDDSAISEYRSTCPY,AncG4_E27Q/E13D/A35V,IX - Recombinations,0.765,1.72,1.402,1.295666667,0.486298605,0.280764631,0.962157408,1.72,0.922801519,1.201652976,0.449332783,0.259422403,0.453,2.8601913178808
AANPYERGPDPTEASLEASSGPFSVSQTSVSRLSASGFGGGTIYYPTTTSAGTYGAVAISPGYTATQSSIAWLGPRLASHGFVVITIDTNTTFDQPDSRARQLMAALNYLVNRSSVRSRIDSSRLAVMGHSMGGGGTLRAAEDNPSLKAAIPLTPWHTNKNWSSVRVPTLIIGAENDTIAPVSSHAKPFYNSLPASTPKAYLELNGASHFAPNSSNTTIGKYSVSWLKRFVDNDTRYSQFLCPAPHDDSAISEYRSTCPY,AncG4_E27Q/S195A/S51A,IX - Recombinations,0.774,1.194,1.384,1.117333333,0.31214313,0.18021592,0.973476907,1.194,0.910953853,1.026143587,0.14869134,0.085846985,0.398,2.80737018341709
AANPYERGPDPTEASLEASSGPFSVSQTSVSRLSASGFGGGTIYYPTTTSSGTYGAVAISPGYTATQSSIAWLGPRLASHGFVVITIDTNTTFDQPDSRARQLMAALNYLVNRSSVRSRIDSSRLAVMGHSMGGGGTLRAAEDNPSLKAAIPLTPWHTNKNWSSVRVPTLIIGAENDTIAPVSSHAKPFYNSLPASTPKAYLELNGASHFAPNSSNTTIGKYSVSWLKRFVDNDTRYSQFLCPAPHDDSAISEYRSTCPY,AncG4_E27Q/S195A,IX - Recombinations,0.926,1.076,1.53,1.177333333,0.314492183,0.181572147,1.164650667,1.076,1.007051586,1.082567418,0.07900453,0.045613287,0.48,2.45277777708333
AANPYERGPDPTESSLEASSGPFSVSQTSVSRLSASGFGGGTIYYPTTTSEGTYGAVAISPGYTATQSSIAWLGPRLASHGFVVITIDTNTTFDQPDSRARQLMAALNYLVNRSSVRSRIDSSRLAVMGHSMGGGGTLRAAEDNPSLKAAIPLTPWHTNKNWSSVRVPTLIIGAENDTIAPVSSHAKPFYNSLPASTPKAYLELNGASHFAPNSSNTTIGKYSIAWLKRFVDNDTRYSQFLCPAPHDDSAISEYRSTCPY,AncD3_E27Q/S195A,IX - Recombinations,0.804,1.971,1.934,1.141333333,0.716412079,0.413620707,1.01120857,1.971,1.272965861,1.418391477,0.496146505,0.286450318,0.478,2.38772663807531
AANPYERGPDPTEASLEASSGPFSVSQTSVSRLSASGFGGGTIYYPTTTSSGTYGAVAISPGYTATQSSIAWLGPRLASHGFVVITIDTNTTLDQPDSRARQLMAALNYLVNRSSVRSRIDSSRLAVMGHSMGGGGTLRAAEDNPSLKAAIPLTPWHTNKNWSSVRVPTLIIGAENDTIAPVSSHAKPFYNSLPSSTPKAYLELNGASHFAPNSSNTTIGKYSVSWLKRFVDNDTRYSQFLCPAPHDDSAISEYRSTCPY,AncG4_E27Q/F93L,IX - Recombinations,0.596,1.127,1.544,1.089,0.475141032,0.274322803,0.749602373,1.127,1.016266437,0.964289603,0.193993391,0.112002136,0.461,2.36225596529284
AANPYERGPDPTESSLEASSGPFSVSQTSVSRLSVSGFGGGTIYYPTTTSEGTYGAVAISPGYTATQSSIAWLGPRLASHGFVVITIDTNTTFDQPDSRARQLMAALNYLVNRSSVRSRIDSSRLAVMGHSMGGGGTLRAAEDNPSLKAAIPLTPWHTNKNWSSVRVPTLIIGAENDTIAPVSSHAKPFYNSLPSSTPKAYLELNGASHFAPNSSNTTIGKYSIAWLKRFVDNDTRYSQFLCPAPHDDSAISEYRSTCPY,AncD3_E27Q/A35V,IX - Recombinations,0.526,0.491,1.561,0.859333333,0.607913097,0.35097879,0.661561826,0.491,1.0274559,0.726672575,0.274090843,0.158246422,0.366,2.34790528142077
AANPYERGPDPTEASLEASSGPFSVSETSVSRLSASGFGGGTIYYPTTTSAGTYGAVAISPGYTATQSSIAWLGPRLASHGFVVITIDTNTTLDQPDSRARQLMAALNYLVNRSSVRSRIDSSRLAVMGHSMGGGGTLRAAEDNPSLKAAIPLTPWHTNKNWSSVRVPTLIIGAENDTIAPVSSHAKPFYNSLPSSTPKAYLELNGASHFAPNSSNTTIGKYSVSWLKRFVDNDTRYSQFLCPAPSDDSAISEYRSTCPY,AncG4_S51A/F93L/H246S,IX - Recombinations,0.685,0.874,1.386,0.981666667,0.36269041,0.209399406,0.86153964,0.874,0.912270261,0.8826033,0.026436935,0.015263372,0.423,2.32072498108747
AANPYERGPDPTESSLEASSGPFSVSQTSVSRLSASGFGGGTIYYPTTTSEGTYGAVAISPGYTATQSSIAWLGPRLASHGFVVITIDTNTTLDQPDSRARQLMAALNYLVNRSSVRSRIDSSRLAVMGHSMGGGGTLRAAEDNPSLKAAIPLTPWHTNKNWSSVRVPTLIIGAENDTIAPVSSHAKPFYNSLPSSTPKAYLELNGASHFAPNSSNTTIGKYSIAWLKRFVDNDTRYSQFLCPAPHDDSAISEYRSTCPY,AncD3_E27Q/F93L,IX - Recombinations,0.521,1.173,1.716,0.978166667,0.51655374,0.298232441,0.655273215,1.173,1.129477465,0.985916894,0.287171524,0.165798557,0.431,2.26952822969838
AANPYERGPDPTEASLEASSGPFSVSQTSVSRLSASGFGGGTIYYPTTTSSGTYGAVAISPGYTATQSSIAWLGPRLASHGFVVITIDTNTTLDQPDSRARQLMAALNYLVNRSSVRSRIDSSRLAVMGHSMGGGGTLRAAEDNPSLKAAIPLTPWHTNKNWSSVRVPTLIIGAENDTIAPVSSHAKPFYNSLPSSTPKAYLELNGASHFAPNSSNTTIGKYSVSWLKRFVDNDTRYSQFLCPAPSDDSAISEYRSTCPY,AncG4_E27Q/F93L/H246S,IX - Recombinations,0.643,0.958,1.318,0.973,0.337749907,0.195,0.808715312,0.958,0.867512412,0.878075908,0.075200865,0.04341724,0.439,2.21640091116173
AANPYERGPDPTDSSLEASSGPFSVSETSVSRLSASGFGGGTIYYPTTTSEGTYGAVAISPGYTATQSSIAWLGPRLASHGFVVITIDTNTTFDQPDSRARQLMAALNYLVNRSSVRSRIDSSRLAVMGHSMGGGGTLRAAEDNPSLKAAIPLTPWHTNKNWSSVRVPTLIIGAENDTIAPVSSHAKPFYNSLPSSTPKAYLELNGASHFAPNSSNTTIGKYSIAWLKRFVDNDTRYSQFLCPAPHDDSAISEYRSTCPY,443_35_E13D,V - Alternate Reconstructions,0.439,0.458,0.539,0.866166667,0.739709515,0.427071488,0.552140003,0.458,0.354771768,0.45497059,0.098718985,0.056995433,0.404,2.14397689851485
AANPYERGPDPTDSSLEASSGPFSVSETSVSRLSASGFGGGTIYYPTTTSEGTYGAVAISPGYTATQSSIAWLGPRLASHGFVVITIDTNTTFDQPDSRARQLMAALNYLVNRSSVRSRIDSSRLAVMGHSMGGGGTLRAAEDNPSLKAAIPLTPWHTNKNWSSVRVPTLIIGAENDTIAPVSSHAKPFYNSLPSSTPKAYLELNGASHFAPNSSNTTIGKYSIAWLKRFVDNDTRYSQFLCPAPSDDSAISEYRSTCPY,AncD3_E13D/H246S,IX - Recombinations,0.494,0.792,1.367,0.884333333,0.443763826,0.256207164,0.621314719,0.792,0.899764391,0.77102637,0.140404683,0.081062681,0.417,2.12070343645084
AANPYERGPDPTDASLEASSGPFSVSQTSVSRLSASGFGGGTIYYPTTTSSGTYGAVAISPGYTATQSSIAWLGPRLASHGFVVITIDTNTTFDQPDSRARQLMAALNYLVNRSSVRSRIDSSRLAVMGHSMGGGGTLRAAEDNPSLKAAIPLTPWHTNKNWSSVRVPTLIIGAENDTIAPVSSHAKPFYNSLPASTPKAYLELNGASHFAPNSSNTTIGKYSVSWLKRFVDNDTRYSQFLCPAPHDDSAISEYRSTCPY,AncG4_E27Q/E13D/S195A,IX - Recombinations,0.672,0.748,2.925,1.448333333,1.2793953,0.738659221,0.845189253,0.748,1.92524568,1.172811644,0.653436432,0.3772617,0.699,2.07200762947067
AANPYERGPDPTESSLEASSGPFSVSETSVSRLSASGFGGGTIYYPTTTSEGTYGAVAISPGYTATQSSIAWLGPRLASHGFVVITIDTNTTFDQPDSRARQLMAALNYLVNRSSVRSRIDSSRLAVMGHSMGGGGTLRAAEDNPSLKAAIPLTPWHTNKNWSSVRVPTLIIGAENDTIAPVSSHAKPFYNSLPASTPKAYLELNGASHFAPNSSNTTIGKYSIAWLKRFVDNDTRYSQFLCPAPSDDSAISEYRSTCPY,AncD3_S195A/S51A/H246S,IX - Recombinations,0.623,0.506,1.21,0.779666667,0.377243069,0.217801387,0.78356087,0.506,0.796426418,0.695329096,0.164089946,0.094737375,0.391,1.99403239641944
AANPYERGPDPTDSSLEASSGPFSVSETSVSRLSVSGFGGGTIYYPTTTSEGTYGAVAISPGYTATQSSIAWLGPRLASHGFVVITIDTNTTFDQPDSRARQLMAALNYLVNRSSVRSRIDSSRLAVMGHSMGGGGTLRAAEDNPSLKAAIPLTPWHTNKNWSSVRVPTLIIGAENDTIAPVSSHAKPFYNSLPASTPKAYLELNGASHFAPNSSNTTIGKYSIAWLKRFVDNDTRYSQFLCPAPHDDSAISEYRSTCPY,AncD3_S195A/A35V/E13D,IX - Recombinations,0.398,0.602,1.631,0.877,0.660901657,0.38157175,0.500573397,0.602,1.073530155,0.725367851,0.305752484,0.176526279,0.44,1.99318181818182
AANPYERGPDPTDSSLEASSGPFSVSQTSVSRLSASGFGGGTIYYPTTTSEGTYGAVAISPGYTATQSSIAWLGPRLASHGFVVITIDTNTTFDQPDSRARQLMAALNYLVNRSSVRSRIDSSRLAVMGHSMGGGGTLRAAEDNPSLKAAIPLTPWHTNKNWSSVRVPTLIIGAENDTIAPVSSHAKPFYNSLPASTPKAYLELNGASHFAPNSSNTTIGKYSIAWLKRFVDNDTRYSQFLCPAPSDDSAISEYRSTCPY,AncD3_E13D/E27Q/S195A/S51A/H246S,IX - Recombinations,0.365,0.878,1.368,0.870333333,0.50154395,0.289566535,0.459068567,0.878,0.900422595,0.745830387,0.248595956,0.143526942,0.447,1.94705443624161
AANPYERGPDPTDSSLEASSGPFSVSQTSVSRLSASGFGGGTIYYPTTTSEGTYGAVAISPGYTATQSSIAWLGPRLASHGFVVITIDTNTTFDQPDSRARQLMAALNYLVNRSSVRSRIDSSRLAVMGHSMGGGGTLRAAEDNPSLKAAIPLTPWHTNKNWSSVRVPTLIIGAENDTIAPVSSHAKPFYNSLPASTPKAYLELNGASHFAPNSSNTTIGKYSIAWLKRFVDNDTRYSQFLCPAPHDDSAISEYRSTCPY,AncD3_E27Q/E13D/S195A,IX - Recombinations,0.491,0.74,1.396,0.874,0.516896508,0.298430338,0.617541552,0.74,0.918852297,0.75879795,0.151532384,0.087487263,0.452,1.93362831858407
AANPYERGPDPTDSSLEASSGPFSVSQTSVSRLSVSGFGGGTIYYPTTTSEGTYGAVAISPGYTATQSSIAWLGPRLASHGFVVITIDTNTTFDQPDSRARQLMAALNYLVNRSSVRSRIDSSRLAVMGHSMGGGGTLRAAEDNPSLKAAIPLTPWHTNKNWSSVRVPTLIIGAENDTIAPVSSHAKPFYNSLPASTPKAYLELNGASHFAPNSSNTTIGKYSIAWLKRFVDNDTRYSQFLCPAPHDDSAISEYRSTCPY,AncD3_E27Q/E13D/S195A/A35V,IX - Recombinations,0.427,0.721,1.96,1.248,0.941073642,0.543329121,0.537047338,0.721,1.290079156,0.849375498,0.392586846,0.226660121,0.648,1.92592592592593
AANPYERGPDPTESSLEASSGPFSVSQTSVSRLSASGFGGGTIYYPTTTSEGTYGAVAISPGYTATQSSIAWLGPRLASHGFVVITIDTNTTLDQPDSRARQLMAALNYLVNRSSVRSRIDSSRLAVMGHSMGGGGTLRAAEDNPSLKAAIPLTPWHTNKNWSSVRVPTLIIGAENDTIAPVSSHAKPFYNSLPSSTPKAYLELNGASHFAPNSSNTTIGKYSIAWLKRFVDNDTRYSQFLCPAPSDDSAISEYRSTCPY,AncD3_E27Q/F93L/H246S,IX - Recombinations,0.344,0.649,1.895,0.804333333,0.592949801,0.342339727,0.432656403,0.649,1.247295919,0.776317441,0.421979482,0.243629968,0.429,1.87490287412587
MAANPYERGPDPTEASLEASSGPFSVSETSVSRLSASGFGGGTIYYPTTTSSGTYGAVAISPGYTATQSSIAWLGPRLASHGFVVITIDTNTTFDQPDSRARQLMAALNYLVNRSSVRSRIDSSRLAVMGHSMGGGGTLRAAEDNPSLKAAIPLTPWHTNKNWSSVRVPTLIIGAENDTIAPVSSHAKPFYNSLPSSTPKAYLELNGASHFAPNSSNTTIGKYSVSWLKRFVDNDTRYSQFLCPAPHDDSAISEYRSTCPY,55_547,II - ASR,0.35,0.581,1.133,0.688,0.402317039,0.232277851,0.440202736,0.581,0.745744737,0.588982491,0.152927331,0.088292636,0.372,1.8494623655914
AANPYERGPDPTEASLEASSGPFSVSQTSVSRLSASGFGGGTIYYPTTTSAGTYGAVAISPGYTATQSSIAWLGPRLASHGFVVITIDTNTTFDQPDSRARQLMAALNYLVNRSSVRSRIDSSRLAVMGHSMGGGGTLRAAEDNPSLKAAIPLTPWHTNKNWSSVRVPTLIIGAENDTIAPVSSHAKPFYNSLPSSTPKAYLELNGASHFAPNSSNTTIGKYSVSWLKRFVDNDTRYSQFLCPAPHDDSAISEYRSTCPY,AncG4_E27Q/S51A,IX - Recombinations,0.51,0.636,0.893,0.679666667,0.19519819,0.112697728,0.641438272,0.636,0.587775861,0.621738044,0.029537538,0.017053505,0.375,1.81244444533333
AANPYERGPDPTEASLEASSGPFSVSQTSVSRLSVSGFGGGTIYYPTTTSSGTYGAVAISPGYTATQSSIAWLGPRLASHGFVVITIDTNTTFDQPDSRARQLMAALNYLVNRSSVRSRIDSSRLAVMGHSMGGGGTLRAAEDNPSLKAAIPLTPWHTNKNWSSVRVPTLIIGAENDTIAPVSSHAKPFYNSLPSSTPKAYLELNGASHFAPNSSNTTIGKYSVSWLKRFVDNDTRYSQFLCPAPHDDSAISEYRSTCPY,AncG4_E27Q/A35V,IX - Recombinations,0.772,0.912,1.383,1.022333333,0.320094257,0.184806505,0.970961463,0.912,0.91029565,0.931085704,0.034543933,0.019943949,0.594,1.72109988720539
AANPYERGPDPTEASLEASSGPFSVSETSVSRLSASGFGGGTIYYPTTTSSGTYGAVAISPGYTATQSSIAWLGPRLASHGFVVITIDTNTTFDQPDSRARQLMAALNYLVNRSSVRSRIDSSRLAVMGHSMGGGGTLRAAEDNPSLKAAIPLTPWHTNKNWSSVRVPTLIIGAENDTIAPVSSHAKPFYNSLPSSTPKAYLELNGASHFAPNSSNTTIGKYSVSWLKRFVDNDTRYSQFLCPAPHDDSAISEYRSTCPI,547_55_Y260I,V - Alternate Reconstructions,0.724,0.784,0.565,0.691,0.113168017,0.065337585,0.910590802,0.784,0.371885063,0.688825288,0.281681802,0.162629064,0.409,1.68948655256724
AANPYERGPDPTESSLEASSGPFSVSQTSVSRLSASGFGGGTIYYPTTTSEGTYGAVAISPGYTATQSSIAWLGPRLASHGFVVITIDTNTTFDQPDSRARQLMAALNYLVNRSSVRSRIDSSRLAVMGHSMGGGGTLRAAEDNPSLKAAIPLTPWHTNKNWSSVRVPTLIIGAENDTIAPVSSHAKPFYNSLPASTPKAYLELNGASHFAPNSSNTTIGKYSIAWLKRFVDNDTRYSQFLCPAPSDDSAISEYRSTCPY,AncD3_E27Q/S195A/S51A/H246S,IX - Recombinations,0.288,0.463,1.253,0.668,0.514125471,0.296830479,0.362223965,0.463,0.824729175,0.54998438,0.243212827,0.140418991,0.397,1.68261964735516
AANPYERGPDPTESSLEASSGPFSVSQTSVSRLSASGFGGGTIYYPTTTSEGTYGAVAISPGYTATQSSIAWLGPRLASHGFVVITIDTNTTFDQPDSRARQLMAALNYLVNRSSVRSRIDSSRLAVMGHSMGGGGTLRAAEDNPSLKAAIPLTPWHTNKNWSSVRVPTLIIGAENDTIAPVSSHAKPFYNSLPSSTPKAYLELNGASHFAPNSSNTTIGKYSIAWLKRFVDNDTRYSQFLCPAPHDDSAISEYRSTCPY,443_35_E27Q,V - Alternate Reconstructions,0.274,0.407,0.198,0.6315,0.508832684,0.293774687,0.344615856,0.407,0.130324323,0.29398006,0.14512183,0.083786127,0.377,1.67506631299735
AANPYERGPDPTDSSLEASSGPFSVSQTSVSRLSVSGFGGGTIYYPTTTSEGTYGAVAISPGYTATQSSIAWLGPRLASHGFVVITIDTNTTFDQPDSRARQLMAALNYLVNRSSVRSRIDSSRLAVMGHSMGGGGTLRAAEDNPSLKAAIPLTPWHTNKNWSSVRVPTLIIGAENDTIAPVSSHAKPFYNSLPSSTPKAYLELNGASHFAPNSSNTTIGKYSIAWLKRFVDNDTRYSQFLCPAPHDDSAISEYRSTCPY,AncD3_E27Q/E13D/A35V,IX - Recombinations,0.422,0.53,1.189,0.713666667,0.415177472,0.239702825,0.530758727,0.53,0.782604141,0.614454289,0.145622537,0.084075211,0.427,1.67135050819672
AANPYERGPDPTEASLEASSGPFSVSETSVSRLSASGFGGGTIYYPTTTSSGTYGAVAISPGYTATQSSIAWLGPRLASHGFVVITIDTNTTFDQPDSRARQLMAALNYLVNRSSVRSRIDSSRLAVMGHSMGGGGTLRAAEDNPSLKAAIPLTPWHTNKNWSSVRVPTLIIGAENDTIAPVSSHAKPFYNSLPSSTPKAYLELCGASHFAPNSSNTTIGKYSVSWLKRFVDNDTRYSQFLCPAPHDDSAICEYRSTCPY,55_547_N205C/S252C,N205C/S252C,0.919,0.882,2.464,0.9005,0.026162951,0.015105187,1.155846612,0.882,1.621813797,1.219886803,0.374041405,0.215952906,0.57,1.57982456140351
MQSNPYQRGPNPTRSALTADGPFSVATYTVSRLSVSGFGGGVIYYPTGTSLTFGGIAMSPGYTADASSLAWLGRRLASHGFVVLVINTNSRFDGPDSRASQLSAALNYLRTSSPSAVRARLDANRLAVAGHSMGGGGTLRIAEQNPSLKAAVPLTPWHTDKTFNTSVPVLIVGAEADTVAPVSQHAIPFYQNLPSTTPKVYVELCNASHIAPNSNNAAISVYTISWMKLWVDNDTRYRQFLCNVNDPALCDFRTNNRHCQ,LCC_ICCG,"I - Extants, Designs, ICCG",0.33,0.542,0.997,0.623,0.340797594,0.196759583,0.415048294,0.542,0.65622904,0.537759111,0.120646289,0.069655167,0.424,1.46933962264151
AANPYERGPDPTEASLEASSGPFSVSQTSVSRLSASGFGGGTIYYPTTTSSGTYGAVAISPGYTATQSSIAWLGPRLASHGFVVITIDTNTTFDQPDSRARQLMAALNYLVNRSSVRSRIDSSRLAVMGHSMGGGGTLRAAEDNPSLKAAIPLTPWHTNKNWSSVRVPTLIIGAENDTIAPVSSHAKPFYNSLPSSTPKAYLELNGASHFAPNSSNTTIGKYSVSWLKRFVDNDTRYSQFLCPAPSDDSAISEYRSTCPY,AncG4_E27Q/H246S,IX - Recombinations,0.399,0.654,0.645,0.566,0.144696234,0.08354041,0.501831119,0.654,0.424541355,0.526790825,0.116747838,0.067404396,0.386,1.46632124352332
AANPYERGPDPTESSLEASSGPFSVSETSVSRLSASGFGGGTIYYPTTTSEGTYGAVAISPGYTATQSSIAWLGPRLASHGFVVITIDTNTTLDQPDSRARQLMAALNYLVNRSSVRSRIDSSRLAVMGHSMGGGGTLRAAEDNPSLKAAIPLTPWHTNKNWSSVRVPTLIIGAENDTIAPVSSHAKPFYNSLPSSTPKAYLELNGASHFAPNSSNTTIGKYSIAWLKRFVDNDTRYSQFLCPAPSDDSAISEYRSTCPY,AncD3_S51A/F93L/H246S,IX - Recombinations,0.3,0.628,1.201,0.709666667,0.456017909,0.263282063,0.377316631,0.628,0.790502585,0.598606405,0.208155341,0.120178542,0.485,1.46323024123711
AANPYERGPDPTESSLEASSGPFSVSQTSVSRLSVSGFGGGTIYYPTTTSEGTYGAVAISPGYTATQSSIAWLGPRLASHGFVVITIDTNTTFDQPDSRARQLMAALNYLVNRSSVRSRIDSSRLAVMGHSMGGGGTLRAAEDNPSLKAAIPLTPWHTNKNWSSVRVPTLIIGAENDTIAPVSSHAKPFYNSLPASTPKAYLELNGASHFAPNSSNTTIGKYSIAWLKRFVDNDTRYSQFLCPAPHDDSAISEYRSTCPY,AncD3_E27Q/S195A/A35V,IX - Recombinations,0.485,0.792,1.232,0.836333333,0.375468152,0.216776639,0.60999522,0.792,0.810906898,0.737634039,0.110941962,0.064052372,0.574,1.45702671254355
AANPYERGPDPTEASLEASSGPFSVSETSVSRLSASGFGGGTIYYPTTTSSGTYGAVAISPGYTATQSSIAWLGPRLASHGFVVITIDTNTTFDQPDSRARQLMAALNYLVNRSSVRSRIDSSRLAVMGHSMGGGGTLRAAEDNPSLKAAIPLTPWHTNKNWSSVRVPTLIIGAENDTIAPVSSHAKPFYNSLPSSTPKAYLELNGASHFAPNASNTTIGKYSVSWLKRFVDNDTRYSQFLCPAPHDDSAISEYRSTCPY,547_55_S214A,V - Alternate Reconstructions,0.652,0.57,0.51,0.577333333,0.071283472,0.041155532,0.820034811,0.57,0.335683862,0.575239558,0.242217981,0.139844616,0.411,1.40470397323601
MQSNPYQRGPNPTRSALTTDGPFSVATYSVSRLSVSGFGGGVIYYPTGTTLTFGGIAMSPGYTADASSLAWLGRRLASHGFVVIVINTNSRLDFPDSRASQLSAALNYLRTSSPSAVRARLDANRLAVAGHSMGGGATLRISEQIPTLKAGVPLTPWHTDKTFNTPVPQLIVGAEADTVAPVSQHAIPFYQNLPSTTPKVYVELDNATHFAPNSPNAAISVYTISWMKLWVDNDTRYRQFLCNVNDPALSDFRSNNRHCQ,LCC_A0A2H5Z9R5,"I - Extants, Designs, ICCG",0.369,0.493,0.776,0.546,0.20861208,0.120442241,0.464099456,0.493,0.510766033,0.489288496,0.023553637,0.013598699,0.39,1.4
AANPYERGPDPTESSLEASSGPFSVSQTSVSRLSASGFGGGTIYYPTTTSEGTYGAVAISPGYTATQSSIAWLGPRLASHGFVVITIDTNTTFDQPDSRARQLMAALNYLVNRSSVRSRIDSSRLAVMGHSMGGGGTLRAAEDNPSLKAAIPLTPWHTNKNWSSVRVPTLIIGAENDTIAPVSSHAKPFYNSLPSSTPKAYLELNGASHFAPNSSNTTIGKYSIAWLKRFVDNDTRYSQFLCPAPSDDSAISEYRSTCPY,AncD3_E27Q/S51A/H246S,IX - Recombinations,0.391,0.902,1.292,0.861666667,0.451852114,0.26087694,0.491769342,0.902,0.850399117,0.748056153,0.223445429,0.129006279,0.628,1.37208067993631
AANPYERGPDPTEASLEASSGPFSVSETSVSRLSASGFGGGTIYYPTTTSAGTYGAVAISPGYTATQSSIAWLGPRLASHGFVVITIDTNTTFDQPDSRARQLMAALNYLVNRSSVRSRIDSSRLAVMGHSMGGGGTLRAAEDNPSLKAAIPLTPWHTNKNWSSVRVPTLIIGAENDTIAPVSSHAKPFYNSLPASTPKAYLELNGASHFAPNSSNTTIGKYSVSWLKRFVDNDTRYSQFLCPAPSDDSAISEYRSTCPY,AncG4_S195A/S51A/H246S,IX - Recombinations,0.372,0.543,1.784,0.899666667,0.770612959,0.444913599,0.467872622,0.543,1.174235314,0.728369312,0.38795412,0.223985416,0.669,1.34479322421525
AANPYERGPDPTDASLEASSGPFSVSQTSVSRLSVSGFGGGTIYYPTTTSSGTYGAVAISPGYTATQSSIAWLGPRLASHGFVVITIDTNTTFDQPDSRARQLMAALNYLVNRSSVRSRIDSSRLAVMGHSMGGGGTLRAAEDNPSLKAAIPLTPWHTNKNWSSVRVPTLIIGAENDTIAPVSSHAKPFYNSLPASTPKAYLELNGASHFAPNSSNTTIGKYSVSWLKRFVDNDTRYSQFLCPAPHDDSAISEYRSTCPY,AncG4_E27Q/E13D/S195A/A35V,IX - Recombinations,0.271,0.558,0.631,0.486666667,0.190305894,0.109873159,0.34084269,0.558,0.415326504,0.438056398,0.110348586,0.063709786,0.369,1.31887985636856
AANPYERGPDPTDSSLEASSGPFSVSQTSVSRLSASGFGGGTIYYPTTTSEGTYGAVAISPGYTATQSSIAWLGPRLASHGFVVITIDTNTTFDQPDSRARQLMAALNYLVNRSSVRSRIDSSRLAVMGHSMGGGGTLRAAEDNPSLKAAIPLTPWHTNKNWSSVRVPTLIIGAENDTIAPVSSHAKPFYNSLPSSTPKAYLELNGASHFAPNSSNTTIGKYSIAWLKRFVDNDTRYSQFLCPAPHDDSAISEYRSTCPY,AncD3_E27Q/E13D,IX - Recombinations,0.208,0.486,0.706,0.466666667,0.249562283,0.144084851,0.261606197,0.486,0.464691778,0.404099325,0.123861732,0.071511604,0.369,1.26467931436314
MAANPYERGPDPTESSLEASSGPFSVSQTSVSRLSVSGFGGGTIYYPTDTSSGTYGAVAISPGYTATQSSIAWLGPRLASHGFVVITIDTNSTFDQPDSRARQLMAALDYLVNSSSVRSRIDSNRLAVMGHSMGGGGTLRAAEDNPSLKAAIPLTPWHTNKNWSSVRVPTLIIGAENDTIAPVSSHAKPFYNSLPSSTSKAYLELNGASHFAPNTSNTTIGKYSVSWLKRFVDNDTRYSQFLCPAPHDDSAISEYRSTCPY,70_439,II - ASR,0.277,0.426,0.677,0.46,0.20215588,0.116714752,0.348389022,0.426,0.445603872,0.406664298,0.05141093,0.029682115,0.376,1.22340425531915
AANPYERGPDPTEASLEASSGPFSVSQTSVSRLSVSGFGGGTIYYPTTTSSGTYGAVAISPGYTATQSSIAWLGPRLASHGFVVITIDTNTTFDQPDSRARQLMAALNYLVNRSSVRSRIDSSRLAVMGHSMGGGGTLRAAEDNPSLKAAIPLTPWHTNKNWSSVRVPTLIIGAENDTIAPVSSHAKPFYNSLPASTPKAYLELNGASHFAPNSSNTTIGKYSVSWLKRFVDNDTRYSQFLCPAPHDDSAISEYRSTCPY,AncG4_E27Q/S195A/A35V,IX - Recombinations,0.515,0.759,1.226,0.833333333,0.361281515,0.20858598,0.647726883,0.759,0.806957676,0.737894853,0.081686485,0.047161714,0.704,1.18371212073864
AANPYERGPDPTDASLEASSGPFSVSETSVSRLSVSGFGGGTIYYPTTTSSGTYGAVAISPGYTATQSSIAWLGPRLASHGFVVITIDTNTTFDQPDSRARQLMAALNYLVNRSSVRSRIDSSRLAVMGHSMGGGGTLRAAEDNPSLKAAIPLTPWHTNKNWSSVRVPTLIIGAENDTIAPVSSHAKPFYNSLPASTPKAYLELNGASHFAPNSSNTTIGKYSVSWLKRFVDNDTRYSQFLCPAPHDDSAISEYRSTCPY,AncG4_S195A/A35V/E13D,IX - Recombinations,0.681,0.756,1.192,0.876333333,0.275935379,0.159311365,0.856508752,0.756,0.784578752,0.799029168,0.051789122,0.029900464,0.754,1.16224579973475
MAANPYERGPDPTESSLEASSGPFSVSETSVSRLSASGFGGGTIYYPTTTSEGTYGAVAISPGYTATQSSIAWLGPRLASHGFVVITIDTNTTFDQPDSRARQLMAALNYLVNRSSVRSRIDSSRLAVMGHSMGGGGTLRAAEDNPSLKAAIPLTPWHTNKNWSSVRVPTLIIGAENDTIAPVSSHAKPFYNSLPSSTPKAYLELNGASHFAPNSSNTTIGKYSIAWLKRFVDNDTRYSQFLCPAPHDDSAISEYRSTCPY,35_442,II - ASR,0.217,0.36,0.719,0.432,0.258629078,0.149319568,0.272925696,0.36,0.473248425,0.368724707,0.100445952,0.057992498,0.373,1.15817694369973
AANPYERGPDPTEASLEASSGPFSVSQTSVSRLSASGFGGGTIYYPTTTSAGTYGAVAISPGYTATQSSIAWLGPRLASHGFVVITIDTNTTFDQPDSRARQLMAALNYLVNRSSVRSRIDSSRLAVMGHSMGGGGTLRAAEDNPSLKAAIPLTPWHTNKNWSSVRVPTLIIGAENDTIAPVSSHAKPFYNSLPASTPKAYLELNGASHFAPNSSNTTIGKYSVSWLKRFVDNDTRYSQFLCPAPSDDSAISEYRSTCPY,AncG4_E27Q/S195A/S51A/H246S,IX - Recombinations,0.361,0.65,1.186,0.732333333,0.418617168,0.241688735,0.454037679,0.65,0.78062953,0.628222403,0.164381438,0.094905667,0.649,1.12840267026194
MAANPYERGPDPTESSLEASSGPFSVSQTSVSRLSVSGFGGGTIYYPTDTSSGTYGAVAISPGYTATQSSIAWLGPRLASHGFVVITIDTNSTFDQPDSRARQLMAALDYLVNRSPVRSRIDSSRLAVMGHSMGGGGTLRAAEDNPSLKAAIPLTPWHTDKNWSSVRVPTLIIGAENDTIAPVSSHAKPFYNSLPSSTSKAYLELNGASHFAPNSSNTTIGKYSVSWLKRFVDNDTRYSQFLCPAPHDDSAISEYRSTCPY,85_456,II - ASR,0.248,0.401,0.602,0.417,0.177541544,0.102503658,0.311915081,0.401,0.396238598,0.369717893,0.050115282,0.028934072,0.387,1.07751937984496
AANPYERGPDPTDASLEASSGPFSVSQTSVSRLSASGFGGGTIYYPTTTSAGTYGAVAISPGYTATQSSIAWLGPRLASHGFVVITIDTNTTFDQPDSRARQLMAALNYLVNRSSVRSRIDSSRLAVMGHSMGGGGTLRAAEDNPSLKAAIPLTPWHTNKNWSSVRVPTLIIGAENDTIAPVSSHAKPFYNSLPASTPKAYLELNGASHFAPNSSNTTIGKYSVSWLKRFVDNDTRYSQFLCPAPSDDSAISEYRSTCPY,AncG4_E13D/E27Q/S195A/S51A/H246S,IX - Recombinations,0.316,0.516,1.338,0.723333333,0.541628409,0.312709308,0.397440184,0.516,0.880676485,0.59803889,0.251847405,0.145404167,0.674,1.07319485608309
AANPYERGPDPTEASLEASSGPFSVSETSVSRLSASGFGGGTIYYPTTTSSGTYGAVAISPGYTATQSSIAWLGPRLASHGFVVITIDTNTTFDQPDSRARQLMAALNYLVNRSSVRSRIDSSRLAVMGHSMGGGGTLRAAEDNPSLKAAIPLTPWHTNKNWSSVRVPTMIIGAENDTIAPVSSHAKPFYNSLPSSTPKAYLELNGASHFAPNSSNTTIGKYSVSWLKRFVDNDTRYSQFLCPAPHDDSAISEYRSTCPY,547_55_L170M,V - Alternate Reconstructions,0.5,0.26,0.539,0.433,0.151086068,0.087229582,0.628861051,0.26,0.354771768,0.414544273,0.191557258,0.110595634,0.411,1.05352798053528
AANPYERGPDPTEASLEASSGPFSVSETSVSRLSASGFGGGTIYYPTTTSEGTYGAVAISPGYTATQSSIAWLGPRLASHGFVVITIDTNTTFDQPDSRARQLMAALNYLVNRSSVRSRIDSSRLAVMGHSMGGGGTLRAAEDNPSLKAAIPLTPWHTNKNWSSVRVPTLIIGAENDTIAPVSSHAKPFYNSLPSSTPKAYLELNGASHFAPNSSNTTIGKYSIAWLKRFVDNDTRYSQFLCPAPHDDSAISEYRSTCPY,443_35_S14A,V - Alternate Reconstructions,0.341,0.427,0.412,0.393333333,0.045938365,0.026522527,0.428883237,0.427,0.271179904,0.375687714,0.090511316,0.052256733,0.392,1.00340135969388
MQSNPYQRGPNPTRSALTADGPFSVATYTVSRLSVSGFGGGVIYYPTGTSLTFGGIAMSPGYTADASSLAWLGRRLASHGFVVLVINTNSRFDYPDSRASQLSAALNYLRTSSPSAVRARLDANRLAVAGHSMGGGGTLRIAEQNPSLKAAVPLTPWHTDKTFNTSVPVLIVGAEADTVAPVSQHAIPFYQNLPSTTPKVYVELDNASHFAPNSNNAAISVYTISWMKLWVDNDTRYRQFLCNVNDPALSDFRTNNRHCQ,LCC_WT_G9BY57,"I - Extants, Designs, ICCG",0.231,0.358,0.582,0.390333333,0.177719817,0.102606584,0.290533806,0.358,0.383074525,0.343869444,0.047861265,0.027632714,0.401,0.973399832917706
AANPYERGPDPTDASLEASSGPFSVSQTSVSRLSASGFGGGTIYYPTTTSAGTYGAVAISPGYTATQSSIAWLGPRLASHGFVVITIDTNTTFDQPDSRARQLMAALNYLVNRSSVRSRIDSSRLAVMGHSMGGGGTLRAAEDNPSLKAAIPLTPWHTNKNWSSVRVPTLIIGAENDTIAPVSSHAKPFYNSLPASTPKAYLELNGASHFAPNSSNTTIGKYSVSWLKRFVDNDTRYSQFLCPAPHDDSAISEYRSTCPY,AncG4_E13D/E27Q/S195A/S51A,IX - Recombinations,0.215,0.327,0.553,0.365,0.17217433,0.099404896,0.270410252,0.327,0.363986619,0.320465624,0.04712916,0.027210033,0.375,0.973333333333333
MAANPYERGPDPTESSLEASSGPFSVSQTSVSRLSVSGFGGGTIYYPTSTSSGTYGAVAISPGYTATQSSIAWLGPRLASHGFVVITIDTNSTFDQPDSRADQLMAALNYLVNRSSVRSRIDSSRLAVMGHSMGGGGTLRAAEDRPSLKAAIPLTPWHTDKNWSSVTVPTLIIGAENDTIAPVSSHAKPFYNSLPSSTSKAYLELNGASHFAPNSSNTTIGKYSISWLKRFVDNDTRYSQFLCPAPHDDSAISEYRSTCPY,1_533,II - ASR,0.184,0.247,0.678,0.369666667,0.268876056,0.155235663,0.231420867,0.247,0.446262076,0.308227647,0.119794845,0.069163586,0.382,0.967713787958115
AANPYERGPDPTEASLEASSGPFSVSQTSVSRLSASGFGGGTIYYPTTTSAGTYGAVAISPGYTATQSSIAWLGPRLASHGFVVITIDTNTTFDQPDSRARQLMAALNYLVNRSSVRSRIDSSRLAVMGHSMGGGGTLRAAEDNPSLKAAIPLTPWHTNKNWSSVRVPTLIIGAENDTIAPVSSHAKPFYNSLPSSTPKAYLELNGASHFAPNSSNTTIGKYSVSWLKRFVDNDTRYSQFLCPAPSDDSAISEYRSTCPY,AncG4_E27Q/S51A/H246S,IX - Recombinations,0.264,0.233,0.591,0.362666667,0.198349019,0.11451686,0.332038635,0.233,0.388998358,0.318012331,0.078939374,0.045575669,0.376,0.964539007978723
AANPYERGPDPTESSLEASSGPFSVSETSVSRLSASGFGGGTIYYPTTTSEGTYGAVAISPGYTATQSSIAWLGPRLASHGFVVITIDTNSTFDQPDSRARQLMAALNYLVNRSSVRSRIDSSRLAVMGHSMGGGGTLRAAEDNPSLKAAIPLTPWHTNKNWSSVRVPTLIIGAENDTIAPVSSHAKPFYNSLPSSTPKAYLELNGASHFAPNSSNTTIGKYSIAWLKRFVDNDTRYSQFLCPAPHDDSAISEYRSTCPY,443_35_T91S,V - Alternate Reconstructions,0.405,0.347,0.373,0.375,0.029051678,0.016772994,0.509377451,0.347,0.245509962,0.367295804,0.133099409,0.07684498,0.395,0.949367088607595
AANPYERGPDPTDASLEASSGPFSVSETSVSRLSASGFGGGTIYYPTTTSAGTYGAVAISPGYTATQSSIAWLGPRLASHGFVVITIDTNTTFDQPDSRARQLMAALNYLVNRSSVRSRIDSSRLAVMGHSMGGGGTLRAAEDNPSLKAAIPLTPWHTNKNWSSVRVPTLIIGAENDTIAPVSSHAKPFYNSLPSSTPKAYLELNGASHFAPNSSNTTIGKYSVSWLKRFVDNDTRYSQFLCPAPHDDSAISEYRSTCPY,AncG4_E13D/S51A,IX - Recombinations,0.281,0.581,0.943,0.601666667,0.331483534,0.191382108,0.353419911,0.581,0.620686043,0.518368651,0.144221395,0.083266261,0.635,0.947506562204725
AANAYERGPDPTEASLEASSGPFSVSETSVSRLSASGFGGGTIYYPTTTSSGTYGAVAISPGYTATQSSIAWLGPRLASHGFVVITIDTNTTFDQPDSRARQLMAALNYLVNRSSVRSRIDSSRLAVMGHSMGGGGTLRAAEDNPSLKAAIPLTPWHTNKNWSSVRVPTLIIGAENDTIAPVSSHAKPFYNSLPSSTPKAYLELNGASHFAPNSSNTTIGKYSVSWLKRFVDNDTRYSQFLCPAPHDDSAISEYRSTCPY,547_55_P4A,V - Alternate Reconstructions,0.437,0.261,0.391,0.363,0.09127979,0.052700411,0.549624559,0.261,0.257357628,0.355994062,0.167698818,0.096820958,0.387,0.937984496124031
AANPYERGPDPTESSLEASSGPFSVSETSVSRLSASGFGGGTIYYPTTTSEGTYGAVAISPGYTATQSSIAWLGPRLASHGFVVITIDTNTTLDQPDSRARQLMAALNYLVNRSSVRSRIDSSRLAVMGHSMGGGGTLRAAEDNPSLKAAIPLTPWHTNKNWSSVRVPTLIIGAENDTIAPVSSHAKPFYNSLPSSTPKAYLELNGASHFAPNSSNTTIGKYSIAWLKRFVDNDTRYSQFLCPAPHDDSAISEYRSTCPY,443_35_F93L,V - Alternate Reconstructions,0.368,0.347,0.352,0.355666667,0.010969655,0.006333333,0.462841734,0.347,0.231687685,0.347176473,0.115577125,0.066728484,0.381,0.933508312335958
MQANPYQRGPDPTSSSLEASSGPFSVSTTSVSRLSVSGFGGGTIYYPTNTSSGTYGAVAISPGYTATQSSIAWLGPRLASHGFVVITIDTNSTFDQPDSRATQLMAALNYVVNSSPVRSRVDSNRLAVMGHSMGGGGTLRAAEDNPSLKAAIPLTPWHTNKNFSSVRVPTLIIGAENDTIAPVSSHAKPFYNSLPSSTSKAYLELNGASHFAPNSSNTTIGKYSVSWMKRFVDNDTRYSQFLCPAPHDDSAISEYRSTCPY,70_440,II - ASR,0.231,0.339,0.471,0.347,0.120199834,0.069397407,0.290533806,0.339,0.31001392,0.313182575,0.024387974,0.014080403,0.375,0.925333333333333
AANPYERGPDPTESSLEASSGPFSVSETSVSRLSASGFGGGTIYYPTTTSSGTYGAVAISPGYTATQSSIAWLGPRLASHGFVVITIDTNTTFDQPDSRARQLMAALNYLVNRSSVRSRIDSSRLAVMGHSMGGGGTLRAAEDNPSLKAAIPLTPWHTNKNWSSVRVPTLIIGAENDTIAPVSSHAKPFYNSLPSSTPKAYLELNGASHFAPNSSNTTIGKYSIAWLKRFVDNDTRYSQFLCPAPHDDSAISEYRSTCPY,443_35_E51S,V - Alternate Reconstructions,0.274,0.396,0.365,0.345,0.063411355,0.036610563,0.344615856,0.396,0.240244333,0.326953396,0.079365791,0.045821861,0.385,0.896103896103896
AANPYERGPDPTESSLEASSGPFSVSETSVSRLSASGFGGGTIYYPTTTSEGTYGAVAISPGYTATQSSIAWLGPRLASHGFVVITIDTNTTFDQPDSRARQLMAALNYLVNRSSVRSRIDSSRLAVMGHSMGGGGTLRAAEDRPSLKAAIPLTPWHTNKNWSSVRVPTLIIGAENDTIAPVSSHAKPFYNSLPSSTPKAYLELNGASHFAPNSSNTTIGKYSIAWLKRFVDNDTRYSQFLCPAPHDDSAISEYRSTCPY,443_35_N144R,V - Alternate Reconstructions,0.359,0.273,0.357,0.329666667,0.04908496,0.028339215,0.451522235,0.273,0.234978703,0.319833646,0.115619281,0.066752823,0.372,0.886200717741936
AANPYERGPDPTESSLEASSGPFSVSETSVSRLSASGFGGGTIYYPTTTSEGTFGAVAISPGYTATQSSIAWLGPRLASHGFVVITIDTNTTFDQPDSRARQLMAALNYLVNRSSVRSRIDSSRLAVMGHSMGGGGTLRAAEDNPSLKAAIPLTPWHTNKNWSSVRVPTLIIGAENDTIAPVSSHAKPFYNSLPSSTPKAYLELNGASHFAPNSSNTTIGKYSIAWLKRFVDNDTRYSQFLCPAPHDDSAISEYRSTCPY,443_35_Y54F,V - Alternate Reconstructions,0.317,0.318,0.338,0.324333333,0.011846237,0.006839428,0.398697906,0.318,0.222472834,0.313056914,0.088216465,0.0509318,0.386,0.840241795336788
AANPYERGPEPTEASLEASSGPFSVSETSVSRLSASGFGGGTIYYPTTTSSGTYGAVAISPGYTATQSSIAWLGPRLASHGFVVITIDTNTTFDQPDSRARQLMAALNYLVNRSSVRSRIDSSRLAVMGHSMGGGGTLRAAEDNPSLKAAIPLTPWHTNKNWSSVRVPTLIIGAENDTIAPVSSHAKPFYNSLPSSTPKAYLELNGASHFAPNSSNTTIGKYSVSWLKRFVDNDTRYSQFLCPAPHDDSAISEYRSTCPY,547_55_D10E,V - Alternate Reconstructions,0.287,0.263,0.427,0.325666667,0.088573886,0.051138157,0.360966243,0.263,0.281052959,0.301673067,0.052136723,0.030101151,0.403,0.808105873449132
AANPYERGPDPTESSLEASSGPFSVSETSVSRLSVSGFGGGTIYYPTTTSEGTYGAVAISPGYTATQSSIAWLGPRLASHGFVVITIDTNTTFDQPDSRARQLMAALNYLVNRSSVRSRIDSSRLAVMGHSMGGGGTLRAAEDNPSLKAAIPLTPWHTNKNWSSVRVPTLIIGAENDTIAPVSSHAKPFYNSLPSSTPKAYLELNGASHFAPNSSNTTIGKYSIAWLKRFVDNDTRYSQFLCPAPHDDSAISEYRSTCPY,443_35_A35V,V - Alternate Reconstructions,0.286,0.356,0.354,0.332,0.039849718,0.023007245,0.359708521,0.356,0.233004093,0.316237538,0.072106124,0.04163049,0.414,0.801932367149759
AANPYERGPDPTESSLEASSGPFSVSETSVSRLSASGFGGGTIYYPTTTSEGTYGAVAISPGYTATQSSIAWLGPRLASHGFVVITIDTNTTFDQPDSRARQLMAALNYLVNRSSVRSRIDPSRLAVMGHSMGGGGTLRAAEDNPSLKAAIPLTPWHTNKNWSSVRVPTLIIGAENDTIAPVSSHAKPFYNSLPSSTPKAYLELNGASHFAPNSSNTTIGKYSIAWLKRFVDNDTRYSQFLCPAPHDDSAISEYRSTCPY,443_35_S122P,V - Alternate Reconstructions,0.253,0.254,0.452,0.319666667,0.114605119,0.066167296,0.318203692,0.254,0.29750805,0.289903914,0.032770348,0.018919969,0.404,0.791254126237624
AANPYERGPDPTESSLEASSGPFSVSETSVSRLSASGFGGGTIYYPTTTSEGTYGAVAISPGYTATQSSIAWLGPRLASHGFVVITIDTNTTFDQPDSRARQLMAALNYLVNRSSVRSRIDSSRLAVMGHSMGGGGTLRAAEDNPSLKAAIPLTPWHTNKNWSSVRVPTLIIGAENDTIAPVSSHAKPFYNSLPSSTPKAYLELNGASHFAPNSSNTTIGKYSIAWLKRFVDNDTRYSQFLCPAPSDDSAISEYRSTCPY,443_35_H246S,V - Alternate Reconstructions,0.279,0.283,0.32,0.294,0.022605309,0.013051181,0.350904467,0.283,0.210625168,0.281509878,0.07015152,0.040501999,0.372,0.790322580645161
AANPYERGPDPTESSLEASSGPFSVSETSVSRLSASGFGGGTIYYPTTTSEGTYGAVAISPGYTATQSSIAWLGPRLASHGFVVITIDTNTTFDQPDSRARQLMAALNYLVNRSSVRSRIDSSRLAVMGHSMGGGGTLRAAEDNPSLKAAIPLTPWHTDKNWSSVRVPTLIIGAENDTIAPVSSHAKPFYNSLPSSTPKAYLELNGASHFAPNSSNTTIGKYSIAWLKRFVDNDTRYSQFLCPAPHDDSAISEYRSTCPY,443_35_N159D,V - Alternate Reconstructions,0.408,0.242,0.218,0.289333333,0.103466581,0.059736458,0.513150618,0.242,0.143488396,0.299546338,0.191432038,0.110523339,0.383,0.755439511749347
AANPYERGPDPTEASLEASSGPFSVSETSVSRLSASGFGGGTIYYPTTTSSGTYGAVAISPGYTATQSSIAWLGPRLASHGFVVITIDTNTTFDQPDSRARQLMAALNYLVNRSSVRSRIDSSRLAVMGHSMGGGGTLRAAEDNPSLKAAIPLTPWHPNKNWSSVRVPTLIIGAENDTIAPVSSHAKPFYNSLPSSTPKAYLELNGASHFAPNSSNTTIGKYSVSWLKRFVDNDTRYSQFLCPAPHDDSAISEYRSTCPY,547_55_T158P,V - Alternate Reconstructions,0.316,0.219,0.274,0.269666667,0.048644972,0.028085188,0.397440184,0.219,0.1803478,0.265595995,0.115804429,0.066859718,0.372,0.72491039516129
AANPYERGPDPTESSLEASSGPFSVSETSVSRLSASGFGGGTIYYPTTTSEGTYGAVAISPGYTATQSSIAWLGPRLASHGFVVITIDTNTTFDQPDSRARQLMAALNYLVNRSSVRSRIDSSRLAVMGHSMGGGGTLRAAEDNPSLKAAIPLTPWHTNKNWSSVRVPTLIIGAENDTIAPVSSHAKPFYNSLPSSTPKAYLELNGASHFAPNSSNTTIGKYSIAWLKRFVDNDTRYTQFLCPAPHDDSAISEYRSTCPY,443_35_S238T,V - Alternate Reconstructions,0.252,0.31,0.276,0.279333333,0.029143324,0.016825906,0.31694597,0.31,0.181664208,0.269536726,0.07617904,0.04398199,0.389,0.718080547557841
AANPYERGPDPTEASLEASSGPFSVSETSVSRLSASGFGGGTIYYPTTTSSGTYGAVAISPGYTATQSSIAWLGPRLASHGFVVITIDTNTTFDQPDSRARQLMAALNYLVNRSSVRSRIDSSRLAVMGHSMGGGGTLRAAEDNPSLKAAIPLTPWHTNKNWSSVRVPTLIIGAENDTIAPVSDHAKPFYNSLPSSTPKAYLELNGASHFAPNSSNTTIGKYSVSWLKRFVDNDTRYSQFLCPAPHDDSAISEYRSTCPY,547_55_S184D,V - Alternate Reconstructions,0.286,0.253,0.273,0.270666667,0.016623277,0.009597453,0.359708521,0.253,0.179689597,0.264132706,0.09052434,0.052264252,0.383,0.706701480417755
AANPYERGPDPTEASLEASSGPFSVSETSVSRLSASGFGGGTIYYPTTTSSGTYGAVAISPGYTATQSSIAWLGPRLASHGFVVITIDTNTTFDQPDSRARQLMAALNYLVNRSSVRSRIDSSRLAVMGHSMGGGGTLRAAEDNPSLKAAIPLTPWHTNKNWSSVRVPTLIIGAENDTIAPVSSHAKPFYNSLPSSTPKAYLELNGASHFAPNSSNTTIGKYSVSWLKRFVDNDTRYSQFLCPAPHDDSAISEYRDTCPY,547_55_S256D,V - Alternate Reconstructions,0.339,0.24,0.265,0.281333333,0.051481388,0.029722793,0.426367793,0.24,0.174423968,0.28026392,0.130708876,0.075464805,0.403,0.698097600496278
AANPYERGPDPTDASLEASSGPFSVSETSVSRLSASGFGGGTIYYPTTTSSGTYGAVAISPGYTATQSSIAWLGPRLASHGFVVITIDTNTTFDQPDSRARQLMAALNYLVNRSSVRSRIDSSRLAVMGHSMGGGGTLRAAEDNPSLKAAIPLTPWHTNKNWSSVRVPTLIIGAENDTIAPVSSHAKPFYNSLPSSTPKAYLELNGASHFAPNSSNTTIGKYSVSWLKRFVDNDTRYSQFLCPAPSDDSAISEYRSTCPY,AncG4_E13D/H246S,IX - Recombinations,0.042,0.169,0.561,0.257333333,0.270540816,0.156196813,0.052824328,0.169,0.369252248,0.197025526,0.160064767,0.092413436,0.374,0.688057040106952
AANPYERGPDPTEASLEASSGPFSVSETSVSRLSASGFGGGTIYYPTTTSSGTYGAVAISPGYTATQSSIAWLGPRLASHGFVVITIDTNTTFDQPDSRARQLMAALNYLVNRSSVRSRIDSSRLAVMGHSMGGGGTLRAAEDNPSLKAAIPLTPWHTNKNWSSVRVPTLIIGAENDTIAPVSSHAKPFYNSLPSSTPKAYLELNGASHFAPNSSNTTIGRYSVSWLKRFVDNDTRYSQFLCPAPHDDSAISEYRSTCPY,547_55_K221R,V - Alternate Reconstructions,0.188,0.27,0.312,0.256666667,0.063066103,0.036411232,0.236451755,0.27,0.205359539,0.237270431,0.032328006,0.018664583,0.377,0.680813440318302
MAANPYERGPDPTEASLEASSGPFSVSETSVSRLSASGFGGGTIYYPTTTSEGTYGAVAISPGYTATQSSIAWLGPRLASHGFVVITIDTNSTFDQPDSRADQLMAALNYLVNRSSVRSRIDSSRLAVMGHSMGGGGTLQAAEDRPSLKAAIPLTPWHTNKNWSSVRVPTLIIGAENDTIAPVSSHAKPFYNSLPSSTSKAYLELNGASHFAPNSSNTTIGKYSVSWLKRFVDNDTRYSQFLCPAPHDDSAISEYRSTCPY,25_551,II - ASR,0.26,0.243,0.244,0.249,0.009539392,0.005507571,0.327007747,0.243,0.160601691,0.243536479,0.083204325,0.048038039,0.369,0.67479674796748
AANPYERGPDPTEASLEASSGPFSVSETSVSRLSASGFGGGTIYYPTTTSSGTYGAVAISPGYTATQSSIAWLGPRLASHGFVVITIDTNTTFDQPDSRARQLMAALNYLVNRSSVRSRIDSSRLAVMGHSMGGGGTLRAAEDNPSLKAAIPLTPWHTNKNWSSVRVPTLIIGAENDTIAPVSSHAKPFYNSLPSSTPKAYLELNGASHFAPNSSNTTIGKYSVSWLKRFVDNDTRYNQFLCPAPHDDSAISEYRSTCPY,547_55_S238N,V - Alternate Reconstructions,0.245,0.266,0.241,0.250666667,0.013428825,0.007753136,0.308141915,0.266,0.15862708,0.244256332,0.077092554,0.044509407,0.377,0.664898320954907
AANPYERGPDPTEASLEASSGPFSVSQTSVSRLSASGFGGGTIYYPTTTSAGTYGAVAISPGYTATQSSIAWLGPRLASHGFVVITIDTNTTLDQPDSRARQLMAALNYLVNRSSVRSRIDSSRLAVMGHSMGGGGTLRAAEDNPSLKAAIPLTPWHTNKNWSSVRVPTLIIGAENDTIAPVSSHAKPFYNSLPSSTPKAYLELNGASHFAPNSSNTTIGKYSVSWLKRFVDNDTRYSQFLCPAPHDDSAISEYRSTCPY,AncG4_E27Q/S51A/F93L,IX - Recombinations,0.221,0.224,0.288,0.244333333,0.03784618,0.021850502,0.277956585,0.224,0.189562652,0.230506412,0.044554707,0.025723672,0.376,0.649822694148936
AANPYERGPDPTEASLEASSGPFSVSETSVSRLSASGFGGGTIYYPTTTSSGTYGAVAISPGYTATQSSIAWLGPRLASHGFVVITIDTNTTFDQPDSRARQLMAALNYLVNRSSVRSRIDSSRLAVMGHSMGGGGTLRAAEDNPSLKAAIPLTPWHTNKNWSSIRVPTLIIGAENDTIAPVSSHAKPFYNSLPSSTPKAYLELNGASHFAPNSSNTTIGKYSVSWLKRFVDNDTRYSQFLCPAPHDDSAISEYRSTCPY,547_55_V165I,V - Alternate Reconstructions,0.328,0.252,0.225,0.268333333,0.05340724,0.030834684,0.41253285,0.252,0.148095822,0.270876224,0.133225258,0.076917638,0.413,0.649717513317191
MQANPYQRGPDPTSSSLEASSGPFSVSTTSVSRLSVSGFGGGTIYYPTTTSSGTYGAVAISPGYTATQSSIAWLGPRLASHGFVVITIDTNSTFDQPDSRATQLMAALNYVVNSSPVRSRVDSSRLAVMGHSMGGGGTLRAAEDNPSLKAAIPLTPWHTNKNFSSVRVPTLIIGAENDTVAPVSSHAKPFYNSLPSSTPKAYLELNGASHFAPNSSNTTIGKYSVAWMKRFVDNDTRYSPFLCGAPHDDSAISEYRSTCPY,10_544,II - ASR,0.142,0.204,0.373,0.239666667,0.119558912,0.06902737,0.178596539,0.204,0.245509962,0.209368833,0.033778245,0.019501879,0.374,0.640819965240642
AANPYERGPDPTEASLEASSGPFSVSETSVSRASASGFGGGTIYYPTTTSSGTYGAVAISPGYTATQSSIAWLGPRLASHGFVVITIDTNTTFDQPDSRARQLMAALNYLVNRSSVRSRIDSSRLAVMGHSMGGGGTLRAAEDNPSLKAAIPLTPWHTNKNWSSVRVPTLIIGAENDTIAPVSSHAKPFYNSLPSSTPKAYLELNGASHFAPNSSNTTIGKYSVSWLKRFVDNDTRYSQFLCPAPHDDSAISEYRSTCPY,547_55_L33A,V - Alternate Reconstructions,0.302,0.168,0.274,0.248,0.070682388,0.040808496,0.379832075,0.168,0.1803478,0.242726625,0.118897205,0.068645333,0.388,0.639175257731959
AANPYERGPDPTESSLEASSGPFSVSETSVSRLSASGFGGGTIYYPTTTSEGTYGAVAISPGYTATQSSIAWLGPRLASHGFVVITIDTNTTFDQPDSRARQLLAALNYLVNRSSVRSRIDSSRLAVMGHSMGGGGTLRAAEDNPSLKAAIPLTPWHTNKNWSSVRVPTLIIGAENDTIAPVSSHAKPFYNSLPSSTPKAYLELNGASHFAPNSSNTTIGKYSIAWLKRFVDNDTRYSQFLCPAPHDDSAISEYRSTCPY,443_35_M104L,V - Alternate Reconstructions,0.171,0.25,0.267,0.229333333,0.051228247,0.029576642,0.21507048,0.25,0.175740375,0.213603618,0.037151538,0.02144945,0.359,0.638811512534819
AANPYERGPDPTEASLEASSGPFSVSETSVSRLSASGFGGGTIYYPTTTSSGTYGAVAISPGYTATQSSIAWLGPRLASHGFVVITIDTNTTFDQPDSRARQLMAALNYLVNRSSVRSRIDSSRLAVMGHSMGGGGTLRAAEDNPSLKAAIPLTPWHTNKNWSSVKVPTLIIGAENDTIAPVSSHAKPFYNSLPSSTPKAYLELNGASHFAPNSSNTTIGKYSVSWLKRFVDNDTRYSQFLCPAPHDDSAISEYRSTCPY,547_55_R166K,V - Alternate Reconstructions,0.201,0.308,0.258,0.255666667,0.053538148,0.030910264,0.252802143,0.308,0.169816542,0.243539562,0.069555831,0.040158078,0.413,0.619047619854722
AANPYERGPDPTEQSLEASSGPFSVSETSVSRLSASGFGGGTIYYPTTTSSGTYGAVAISPGYTATQSSIAWLGPRLASHGFVVITIDTNTTFDQPDSRARQLMAALNYLVNRSSVRSRIDSSRLAVMGHSMGGGGTLRAAEDNPSLKAAIPLTPWHTNKNWSSVRVPTLIIGAENDTIAPVSSHAKPFYNSLPSSTPKAYLELNGASHFAPNSSNTTIGKYSVSWLKRFVDNDTRYSQFLCPAPHDDSAISEYRSTCPY,547_55_A14Q,V - Alternate Reconstructions,0.203,0.265,0.285,0.251,0.042755117,0.024684678,0.255317587,0.265,0.187588041,0.235968542,0.042177506,0.024351194,0.411,0.610705596107056
AATPYERGPDPTEASLEASSGPFSVSETSVSRLSASGFGGGTIYYPTTTSSGTYGAVAISPGYTATQSSIAWLGPRLASHGFVVITIDTNTTFDQPDSRARQLMAALNYLVNRSSVRSRIDSSRLAVMGHSMGGGGTLRAAEDNPSLKAAIPLTPWHTNKNWSSVRVPTLIIGAENDTIAPVSSHAKPFYNSLPSSTPKAYLELNGASHFAPNSSNTTIGKYSVSWLKRFVDNDTRYSQFLCPAPHDDSAISEYRSTCPY,547_55_N3T,V - Alternate Reconstructions,0.296,0.225,0.2,0.240333333,0.049802945,0.028753744,0.372285742,0.225,0.13164073,0.242975491,0.121325365,0.070047232,0.396,0.606902356060606
AANPYERGPDPTEASLEASSGPFSVSETSVSRLSATGFGGGTIYYPTTTSSGTYGAVAISPGYTATQSSIAWLGPRLASHGFVVITIDTNTTFDQPDSRARQLMAALNYLVNRSSVRSRIDSSRLAVMGHSMGGGGTLRAAEDNPSLKAAIPLTPWHTNKNWSSVRVPTLIIGAENDTIAPVSSHAKPFYNSLPSSTPKAYLELNGASHFAPNSSNTTIGKYSVSWLKRFVDNDTRYSQFLCPAPHDDSAISEYRSTCPY,547_55_S36T,V - Alternate Reconstructions,0.319,0.15,0.214,0.227666667,0.085324869,0.049262336,0.401213351,0.15,0.140855581,0.230689644,0.147748624,0.085302708,0.387,0.58828596124031
AANPYERGPDPTEASLEASSGPFSVSETSVSRLSASGFGGGTIYYPTTTSSGTYGAVAISPGYTATQSSIAWLGPRLASHGFVVITIDTNTTFDQPDSRARQLMAALNYLVNRSSVRSRIDSSRLAVMGHSMGGGGTLRAAEDNPSLKAAIPLTPWHTNKNWSSVRVPTLIIGAENDTIAPVSSHAKPFYNSLPSSTPKAYLELNGASHFAPNSSNTAIGKYSVSWLKRFVDNDTRYSQFLCPAPHDDSAISEYRSTCPY,547_55_T218A,V - Alternate Reconstructions,0.212,0.158,0.289,0.219666667,0.065835654,0.038010233,0.266637086,0.158,0.190220855,0.204952647,0.055796715,0.032214248,0.379,0.579595427440633
AANPYERGPDPTEASLEASSGPFSVSETSVSRLSASGFGGGTIYYPTTTSSGTYGAVAISPGYTATQSSIAWLGPRLASHGFVVLTIDTNTTFDQPDSRARQLMAALNYLVNRSSVRSRIDSSRLAVMGHSMGGGGTLRAAEDNPSLKAAIPLTPWHTNKNWSSVRVPTLIIGAENDTIAPVSSHAKPFYNSLPSSTPKAYLELNGASHFAPNSSNTTIGKYSVSWLKRFVDNDTRYSQFLCPAPHDDSAISEYRSTCPY,547_55_I85L,V - Alternate Reconstructions,0.16,0.216,0.309,0.228333333,0.075261765,0.0434524,0.201235536,0.216,0.203384928,0.206873488,0.007976521,0.004605246,0.394,0.579526225888325
AANPYERGPDPTEASLEASSGPFSVSETSVSRLSASGFGGGTIYYPTTTSSGTYGAVAISPGYTATQSSIAWLGPRLASHGFVVITIDTNTTFDQPDSRARQLMAALNYLVNRSSVRSRIDSSRLAVMGHSMGGGGTLRAAEDNPSLKAAIPLTPWHTNKNWSSVRVPTLIIGAENDTIAPVSSHAKPFYNSLPSSTPKAYLELNGASHFAPNSSNTTIGKYSVSWLKRFVDNDTRYSKFLCPAPHDDSAISEYRSTCPY,547_55_Q239K,V - Alternate Reconstructions,0.234,0.226,0.262,0.240666667,0.018903263,0.010913804,0.294306972,0.226,0.172449357,0.230918776,0.061077536,0.035263132,0.417,0.577138290167866
AANPYERGPDPTESSLEASSGPFSVSETSVSRLSASGFGGGTIYYPTTTSEGTYGAVAISPGYTATQSSIAWLGRRLASHGFVVITIDTNTTFDQPDSRARQLMAALNYLVNRSSVRSRIDSSRLAVMGHSMGGGGTLRAAEDNPSLKAAIPLTPWHTNKNWSSVRVPTLIIGAENDTIAPVSSHAKPFYNSLPSSTPKAYLELNGASHFAPNSSNTTIGKYSIAWLKRFVDNDTRYSQFLCPAPHDDSAISEYRSTCPY,443_35_P75R,V - Alternate Reconstructions,0.253,0.21,0.232,0.231666667,0.021501938,0.01241415,0.318203692,0.21,0.152703247,0.22696898,0.084044982,0.048523393,0.403,0.574855253101737
AANPYERGPDPTEASLEASSGPFSVSETSVSRLSASGFGGGTIYYPTTTSSGTYGAVAISPGYTATQSSIAWLGPRLASHGFVVITIDTNTTFDQPDSRARQLMAALNYLVNRSSVRSRIDSSRLAVMGHSMGGGGTLRAAEDNPSLKAAIPLTPWHTNKNWSSVRVPTLIIGAENDTIAPVSSHAKPFYNSLPSSTPKAYLELNGASHFAPNSSNTTIGKYSVSWLKRFVDNDTRYSQFLCPAPSDDSAISEYRSTCPY,547_55_H246S,V - Alternate Reconstructions,0.259,0.213,0.234,0.235333333,0.023028967,0.01329578,0.325750025,0.213,0.154019654,0.230923226,0.087256871,0.050377778,0.419,0.561654732696897
MAANPYERGPDPTEASLEASSGPFSVSQTSVSSLSVSGFGGGTIYYPTSTSSGTYGAVAISPGYTATQSSIAWLGPRLASHGFVVITIDTNSTFDQPDSRARQLMAALDYLVNRSSVRSRIDSSRLAVMGHSMGGGGTLRAAEDRPSLKAAIPLTPWHTNKNWSSVRVPTLIIGAENDTIAPVSSHAKPFYNSLPSSTSKAYLELNGASHFAPNSSNTTIGKYSVSWLKRFVDNDTRYSQFLCPAPHDDSAISEYRDTCPY,45_468,II - ASR,0.134,0.169,0.234,0.179,0.050744458,0.029297326,0.168534762,0.169,0.154019654,0.163851472,0.008517781,0.004917743,0.329,0.544072948328268
AANPYERGPDPTESSLEASSGPFSVSETSVSRLSASGFGGGTIYYPTTTSEGTYGAVAISPGYTATQSSIAWLGPRLASHGFVVITIDTNTTFDQPDSRARQLMAALNYLVNRSTVRSRIDSSRLAVMGHSMGGGGTLRAAEDNPSLKAAIPLTPWHTNKNWSSVRVPTLIIGAENDTIAPVSSHAKPFYNSLPSSTPKAYLELNGASHFAPNSSNTTIGKYSIAWLKRFVDNDTRYSQFLCPAPHDDSAISEYRSTCPY,443_35_S115T,V - Alternate Reconstructions,0.186,0.233,0.219,0.212666667,0.024131584,0.013932377,0.233936311,0.233,0.1441466,0.203694304,0.051571949,0.029775079,0.4,0.5316666675
QANPYQRGPDPTSASLEASSGPFSVSTTSVSRLSASGFGGGTIYYPTTTSSGTYGAVAISPGYTATQSSIAWLGPRLASHGFVVITIDTNSTFDQPDSRATQLMAALNYVVNSSPVRSRVDSSRLAVMGHSMGGGGTLRAAEDNPSLKAAIPLTPWHTNKNFSSVRVPTLIIGAENDTIAPVSSHAKPFYNSLPSSTPKAYLELNGASHFAPNSSNTTIGKYSVSWMKRFVDNDTRYSPFLCGAPHDDAAISEYRSNCPY,55_548,V - Alternate Reconstructions,0.161,0.186,0.29,0.212333333,0.068412962,0.039498242,0.202493258,0.186,0.190879059,0.193124106,0.008472725,0.00489173,0.405,0.524279834567901
AANPYERGPDPTESSLEASSGPFSVSETSVSRLSASGFGGGTIYYPTTTSEGTYGAVAISPGYTATQSSIAWLGPRLASHGFVVITIDTNTTFDQPDSRARQLMAALNYLVNRSSVRSRIDSSRLAVMGHSMGGGGTLRAAEDNPSLKAAIPLTPWHTNKNWSSVRVPTLIIGAENDTIAPVSSHAKPFYNSLPSSTPKAYLELNGASHFAPNSSNTTIGKYSISWLKRFVDNDTRYSQFLCPAPHDDSAISEYRSTCPY,443_35_A225S,V - Alternate Reconstructions,0.287,0.189,0.158,0.211333333,0.067337459,0.0388773,0.360966243,0.189,0.103996177,0.217987473,0.13091451,0.075583528,0.406,0.520525450738916
AANPYERGPDPTEASLEASSGPFSVSETSVSRLSASGFGGGTIYYPTTTSSGTYGAVAISPGYTATQSSIAWLGPRLASHGFVVITIDTQTTFDQPDSRARQLMAALNYLVNRSSVRSRIDSSRLAVMGHSMGGGGTLRAAEDNPSLKAAIPLTPWHTNKNWSSVRVPTLIIGAENDTIAPVSSHAKPFYNSLPSSTPKAYLELNGASHFAPNSSNTTIGKYSVSWLKRFVDNDTRYSQFLCPAPHDDSAISEYRSTCPY,547_55_N90Q,V - Alternate Reconstructions,0.136,0.201,0.272,0.203,0.068022055,0.039272552,0.171050206,0.201,0.179031393,0.183693866,0.015509724,0.008954543,0.393,0.516539440203562
AANPYERGPDPTESSLEASSGPFSVSETSVSRLSASGFGGGTIYYPTSTSEGTYGAVAISPGYTATQSSIAWLGPRLASHGFVVITIDTNTTFDQPDSRARQLMAALNYLVNRSSVRSRIDSSRLAVMGHSMGGGGTLRAAEDNPSLKAAIPLTPWHTNKNWSSVRVPTLIIGAENDTIAPVSSHAKPFYNSLPSSTPKAYLELNGASHFAPNSSNTTIGKYSIAWLKRFVDNDTRYSQFLCPAPHDDSAISEYRSTCPY,443_35_T48S,V - Alternate Reconstructions,0.173,0.166,0.248,0.195666667,0.045456939,0.026244576,0.217585924,0.166,0.163234505,0.182273476,0.030612721,0.017674263,0.379,0.516270889182058
AANPYERGPDPTESSLEASSGPFSVSETSVSRLSASGFGGGTIYYPTTTSEGTYGAVAISPGYTATQSSIAWLGPRLASHGFVVITIDTNTTFDQPDSRARQLMAALNYLINRSSVRSRIDSSRLAVMGHSMGGGGTLRAAEDNPSLKAAIPLTPWHTNKNWSSVRVPTLIIGAENDTIAPVSSHAKPFYNSLPSSTPKAYLELNGASHFAPNSSNTTIGKYSIAWLKRFVDNDTRYSQFLCPAPHDDSAISEYRSTCPY,443_35_V111I,V - Alternate Reconstructions,0.139,0.13,0.278,0.182333333,0.082971883,0.047903839,0.174823372,0.13,0.182980615,0.162601329,0.028526657,0.016469873,0.363,0.502295683195592
AANPYERGPDPTEASLEASSGPFSVSETSVSRLSASGFGGGTIYYPTTTSSGTYGAVAISPGYTATQSSIAWLGPRLASHGFVVITIDTNTTFDQPDSRARQLMAALNYLVNRSSVRSRIDSSRLAVMGHSMGGGGTLRAAEDNPSLKAAIPLTPWHTNKNWSSVRVPTLIIGAENDTIAPVSSHAKPFYNSLPSSTPKAYLELNGGSHFAPNSSNTTIGKYSVSWLKRFVDNDTRYSQFLCPAPHDDSAISEYRSTCPY,547_55_A207G,V - Alternate Reconstructions,0.162,0.206,0.232,0.2,0.035383612,0.020428738,0.203750981,0.206,0.152703247,0.187484743,0.030142642,0.017402862,0.401,0.498753117206983
AANPYERGPDPTESSLEASSGPFSVSETSVSRLSASGFGGGTIYYPTTTSEGTYGAVAISPGYTATQSSIAWLGPRLASHGFVVITIDTNTTFDQPDSRARQLMAALNYLVNRSSVRSRIDSSRLAVMGHSMGGGGTLRAAEDNPSLKAAIPLTPWHTNKNWSSVRVPTLIIGAENDTIAPVSSHAKPFYNSLPSSTPKAYLELNGASHFAPNSSNTTIGKYSVAWLKRFVDNDTRYSQFLCPAPHDDSAISEYRSTCPY,443_35_I224V,V - Alternate Reconstructions,0.241,0.195,0.141,0.192333333,0.050053305,0.028898289,0.303111027,0.195,0.092806715,0.19697258,0.105166032,0.060717637,0.396,0.485690234848485
AANPYERGPDPTESSLEASSGPFSVSETSVSRLSASGFGGGTIYYPTTTSEGTYGAVAISPGYTATQSSIAWLGPRLASHGFVVITIDTNTTFDQPDSRARQLMAALNYLVNSSSVRSRIDSSRLAVMGHSMGGGGTLRAAEDNPSLKAAIPLTPWHTNKNWSSVRVPTLIIGAENDTIAPVSSHAKPFYNSLPSSTPKAYLELNGASHFAPNSSNTTIGKYSIAWLKRFVDNDTRYSQFLCPAPHDDSAISEYRSTCPY,443_35_R113S,V - Alternate Reconstructions,0.173,0.219,0.208,0.2,0.024020824,0.013868429,0.217585924,0.219,0.136906359,0.191164094,0.046993896,0.027131938,0.415,0.481927710843374
AANPYERGPDPTESSLEASSGPFSVSETSVSRLSASGFGGGTIYYPTTTSEGTYGAVAISPGYTATQSSIAWLGPRLASHGFVVITIDTNTTFDQPDSRARQLMAALDYLVNRSSVRSRIDSSRLAVMGHSMGGGGTLRAAEDNPSLKAAIPLTPWHTNKNWSSVRVPTLIIGAENDTIAPVSSHAKPFYNSLPSSTPKAYLELNGASHFAPNSSNTTIGKYSIAWLKRFVDNDTRYSQFLCPAPHDDSAISEYRSTCPY,443_35_N108D,V - Alternate Reconstructions,0.172,0.198,0.196,0.188666667,0.014468356,0.008353309,0.216328202,0.198,0.129007916,0.181112039,0.046044658,0.026583896,0.403,0.468155501240695
AANPYERGPDPTESSLEASSGPFSVSETSVSRLSASGFGGGTIYYPTTTSEGTYGAVAISPGYTATQSSIAWLGPRLASHGFVVITIDTNTTFDQPDSRARQLMAALNYLVNRSSVRSRIDSSRLAVMGHSMGGGGTLRAAEDNPSLKAAIPLTPWHTNKNWSSVRVPTLIIGAENDTIAPVSSHAKPFYNSLPSSTPKAYLELNGASHFAPNTSNTTIGKYSIAWLKRFVDNDTRYSQFLCPAPHDDSAISEYRSTCPY,443_35_S214T,V - Alternate Reconstructions,0.219,0.141,0.185,0.181666667,0.039106692,0.022578259,0.27544114,0.141,0.121767675,0.179402939,0.08372558,0.048338986,0.397,0.45759865743073
AANPYERGPDPTEASLEASSGPFSVSETSVSRLSASGFGGGTIYYPTTTSSGTYGAVAISPGYTATQSSIAWLGPRLASHGFVVITIDTNTTFDQPDSRARQLMAALNYLVNRSSVRSRIDSSRLAVMGHSMGGGGTLRAAEDNPSLKAAIPLTPWHTNKNWSSVRVPTLIIGAENDTIAPVSSHAQPFYNSLPSSTPKAYLELNGASHFAPNSSNTTIGKYSVSWLKRFVDNDTRYSQFLCPAPHDDSAISEYRSTCPY,547_55_K187Q,V - Alternate Reconstructions,0.125,0.162,0.195,0.160666667,0.035019042,0.020218253,0.157215263,0.162,0.128349712,0.149188325,0.01820465,0.010510459,0.361,0.445060019390582
AANPYERGPDPTEASLEASSGPFSVSETSVSRLSASGFGGGTIYYPTTTGSGTYGAVAISPGYTATQSSIAWLGPRLASHGFVVITIDTNTTFDQPDSRARQLMAALNYLVNRSSVRSRIDSSRLAVMGHSMGGGGTLRAAEDNPSLKAAIPLTPWHTNKNWSSVRVPTLIIGAENDTIAPVSSHAKPFYNSLPSSTPKAYLELNGASHFAPNSSNTTIGKYSVSWLKRFVDNDTRYSQFLCPAPHDDSAISEYRSTCPY,547_55_S50G,V - Alternate Reconstructions,0.184,0.176,0.164,0.174666667,0.010066446,0.005811865,0.231420867,0.176,0.107945399,0.171788755,0.061845361,0.035706436,0.394,0.443316413705584
AANPYERGPDPTESSLEASSGPFSVSETSVSRLSASGFGGGTIYYPTTTSEGTYGAVAISPGYTATQSSIAWLGPRLASHGFVVITIDTNTTFDQPDSRARQLMAALNYLVNRSSVRSRIDSSRLAVMGHSMGGGGTLRAAEDNPSLKAAIPLTPWHTNKNWSSVRVPTLIIGAENDTIAPVSSHAKPFYNSLPSSTPKAYLELNGASHFAPNSSNTTIGKYSIAWLKRFVDNDTRYSQFLCPAPHDDSAISEYRSTCPF,443_35_Y260F,V - Alternate Reconstructions,0.163,0.107,0.255,0.175,0.074726167,0.043143173,0.205008703,0.107,0.167841931,0.159950211,0.049478641,0.028566507,0.398,0.439698492462312
AANPYERGPDPTEASLEASSGPFSVSETSVSRLSASGFGGGTIYYPTTTSSGTYGAVAISPGYTATQSSIAWLGPRLASHGFVVITIDTNTTFDQPDSRARQLMAALNYLVNRSSVRSRIDSSRLAVMGHSMGGGGTLRAAEDRPSLKAAIPLTPWHTNKNWSSVRVPTLIIGAENDTIAPVSSHAKPFYNSLPSSTPKAYLELNGASHFAPNSSNTTIGKYSVSWLKRFVDNDTRYSQFLCPAPHDDSAISEYRSTCPY,547_55_N144R,V - Alternate Reconstructions,0.281,0.118,0.119,0.172666667,0.093820751,0.054167436,0.353419911,0.118,0.078326234,0.183248715,0.148701644,0.085852934,0.393,0.439355386768448
AANPYERGPDPTEASLEASSGPFSVSETSVSRLSASGFGGGTIYYPTTTSSGTYGAVAISPGYTATQSSIAWLGPRLASHGFVVITIDTNTTFDQPDSRARQLMAALNYLVNRSSVRSRIDSSRLAVMGHSMGGGGTLRAAEDNPSLKAAIPLTPWHTNKNWSSVRVPTLIIGAENDTIAPVSSHAKPFYNSLPSSTEKAYLELNGASHFAPNSSNTTIGKYSVSWLKRFVDNDTRYSQFLCPAPHDDSAISEYRSTCPY,547_55_P198E,V - Alternate Reconstructions,0.219,0.152,0.161,0.177333333,0.036363902,0.020994709,0.27544114,0.152,0.105970788,0.177803976,0.08763238,0.050594578,0.408,0.434640522058824
AANPYERGPDPTESSLEASSGPFSVSETSVSRLSASGFGGGTIYYPTTTSEGTYGAVAISPGYTATQSSIAWLGPRLASHGFVVITIDTNTTFDQPDSRARQLMAALNYLVNRSSVRSRIDSSRLAVMGHSMGGGGTLRAAEDNPSLKAAIPLTPWHTNKNWSSVRVPTLIIGAENDTIAPVSSHAKPFYNSLPSSTPKAYLELNGASHFAPNSSNTTIGKYSIAWLKRFVDNDTRYSQFLCPAPHDGSAISEYRSTCPY,443_35_D248G,V - Alternate Reconstructions,0.165,0.14,0.16,0.155,0.013228757,0.007637626,0.207524147,0.14,0.105312584,0.150945577,0.051977448,0.030009194,0.36,0.430555555555556
AANPYERGPDPTEASLEASSGPFSVSETSVSRLSASGFGGGTIYYPTTTSSGTYGAVAISPGYTATQSSIAWLGPRLASHGFVVITIDTNTTFDQPDSRARQLMAALNYLVNRSSVRSRIDSSRLAVMGHSMGGGGTLRAAEDNPSLKAAIPLTPWHTNKNWSSVRVPTLIIGAENDTIAPVSSHAKPFYNSLPASTPKAYLELNGASHFAPNSSNTTIGKYSVSWLKRFVDNDTRYSQFLCPAPHDDSAISEYRSTCPY,547_55_S195A,V - Alternate Reconstructions,0.164,0.178,0.168,0.17,0.007211103,0.004163332,0.206266425,0.178,0.110578213,0.164948213,0.049161167,0.028383213,0.396,0.429292929292929
MQANPYQRGPDPTSASLEASSGPFSVSTTSVSRLSASGFGGGTIYYPTSTSSGTYGAVAISPGYTATQSSIAWLGRRLASHGFVVITIDTNTTLDQPDSRATQLMAALNYLVNRSTVRSRIDASRLAVMGHSMGGGGTLRAAEQNPSLKAAIPLTPWHTDKNFSSVRVPTLIIGAENDTIAPVSSHAKPFYNSLPSTTSKAYLELNGASHFAPNSSNTPIGKYSISWMKRFVDNDTRYSQFLCGAPHQGAVISEYRDNCPY,80_646,II - ASR,0.197,0.155,0.117,0.156333333,0.040016663,0.023103631,0.247771254,0.155,0.077009827,0.159927027,0.085487268,0.049356097,0.392,0.398809522959184
QANPYQRGPDPTSASLEASSGPFSVSTSSVSRLSASGFGGGTIYYPTTTSSGRYGVVAISPGYTATQSSIAWLGRRLASHGFVVITIDTNSTFDQPDSRATQLMAALNYVVNSSPVRSRVDASRLAVAGHSMGGGGTLRAAEDNPSLKAAIPLTPWHTDKNFSSVRVPTLIIGAENDTVAPVSSHAKPFYNSLPSSTPKAYVELNGASHFAPNSSNTPIGRYSVSWMKRFVDNDTRYSPFLCGAPHDDSAISEYRSNCPY,55_612,V - Alternate Reconstructions,0.146,0.174,0.127,0.149,0.023643181,0.013650397,0.183627427,0.174,0.083591864,0.147073097,0.055186702,0.031862057,0.387,0.385012919896641
AANPYERGPDPTEASLEASSGPFSVSETSVSRLSASGFGGGTIYYPTTTSSGTYGAVAISPGYTATQSSLAWLGPRLASHGFVVITIDTNTTFDQPDSRARQLMAALNYLVNRSSVRSRIDSSRLAVMGHSMGGGGTLRAAEDNPSLKAAIPLTPWHTNKNWSSVRVPTLIIGAENDTIAPVSSHAKPFYNSLPSSTPKAYLELNGASHFAPNSSNTTIGKYSVSWLKRFVDNDTRYSQFLCPAPHDDSAISEYRSTCPY,547_55_I70L,V - Alternate Reconstructions,0.18,0.132,0.151,0.154333333,0.024172988,0.013956281,0.226389978,0.132,0.099388751,0.15259291,0.065957402,0.038080524,0.401,0.384871154613466
AANPYERGPDPTEASLEASSGPFSVSETSVSRLSASGFGGGTIYYPTTTSSGTYGAVAISPGYTATQSSIAWLGPRLASHGFVVITIDTNTTFDQPDSRARQLMAALNYLVNRSSVRSRIDSSRLAVMGHSMGGGGTLRAAEDNPSLKAAIPLTPWHTNKNWSSVRVPTLIIGAENDTIAPVSSHAKPFYNSLPSSTPKAYLELRGASHFAPNSSNTTIGKYSVSWLKRFVDNDTRYSQFLCPAPHDDSAISEYRSTCPY,547_55_N205R,V - Alternate Reconstructions,0.171,0.114,0.154,0.146333333,0.029263174,0.016895101,0.21507048,0.114,0.101363362,0.143477947,0.06232206,0.035981658,0.401,0.364921029925187
ADNPYERGPDPTEASLEASSGPFSVSETSVSRLSASGFGGGTIYYPTTTSSGTYGAVAISPGYTATQSSIAWLGPRLASHGFVVITIDTNTTFDQPDSRARQLMAALNYLVNRSSVRSRIDSSRLAVMGHSMGGGGTLRAAEDNPSLKAAIPLTPWHTNKNWSSVRVPTLIIGAENDTIAPVSSHAKPFYNSLPSSTPKAYLELNGASHFAPNSSNTTIGKYSVSWLKRFVDNDTRYSQFLCPAPHDDSAISEYRSTCPY,547_55_A2D,V - Alternate Reconstructions,0.158,0.128,0.115,0.133666667,0.022052967,0.012732286,0.198720092,0.128,0.07569342,0.134137837,0.061742573,0.035647091,0.388,0.344501719072165
AANPYERGPDPTESSLEASSGPFSVSETSVSRLSASGFGGGTIYYPTTTSEGTYGAVAISPGYTATQSSIAWLGPRLASHGFVVITIDTNTTFDQPDSRARQLMAALNYLVNRSSVRSRIDSSRLAVMGHSMGGGGTLRAAEDNPSLKAAIPLTPWHTNKNWSSVRVPTLIIGAENDTIAPVSSHAKPFYNSLPSSTPKAYLELNGASHFAPNSSNTTIGKYSIAWLKRFVDNDTRYSQFLCPAPHDDAAISEYRSTCPY,443_35_S249A,V - Alternate Reconstructions,0.132,0.157,0.141,0.143333333,0.01266228,0.007310571,0.166019318,0.157,0.092806715,0.138608677,0.039921196,0.023048513,0.419,0.342084326968974
MAANPYERGPDPTEASLEASSGPFSVSTTSVSSLSVSGFGGGTIYYPTSTSEGTYGAVAISPGYTATQSSIAWLGRRLASHGFVVITIDTNSTFDQPDSRADQLMAALNYLVNRSSVRSRIDSSRLAVMGHSMGGGGTLRAAKDRPSLKAAIPLTPWHTDKNWSSVRVPTLIIGAENDTIAPVSSHAKPFYNSLPSSTSKAYLELNGASHFAPNSSNTTIGKYSVSWLKRFVDNDTRYSQFLCPAPHDDSAISEYRDTCPY,5_554,II - ASR,0.107,0.133,0.167,0.135666667,0.030088758,0.017371753,0.134576265,0.133,0.10992001,0.125832092,0.013802786,0.007969042,0.403,0.336641853598015
QANPYQRGPDPTEASLEASSGPFSVSTTSVSRLSASGFGGGTIYYPTTTSSGTYGAVAISPGYTATQSSIAWLGRRLASHGFVVITIDTNSTFDQPDSRATQLMAALNYLVNSSTVRSRIDSSRLAVMGHSMGGGGTLRAAEDNPSLKAAIPLTPWHTNKNFSSVRVPTLIIGAENDTIAPVSSHAKPFYNSLPSSTPKAYLELNGASHFAPNSSNTPIGKYSIAWMKRFVDNDTRYSQFLCGAPHDDSAISEYRSNCPY,35_443,V - Alternate Reconstructions,0.143,0.135,0.121,0.133,0.011135529,0.006429101,0.179854261,0.135,0.079642642,0.131498967,0.050197461,0.028981517,0.4,0.3325
AANPYERGPDPTEASLEASSGPFSVSETSVSRLSASGFGGGTIYYPTTTSSGTYGAVAISPGYTATQSSIAWLGPRLASHGFVVITIDTNTTFDQPDSRARQLMAALNYLVNRSSVRSRIDSSRLAVMGHSMGGGGTLRAAEDNPSLKAAIPLTPWHTNKDWSSVRVPTLIIGAENDTIAPVSSHAKPFYNSLPSSTPKAYLELNGASHFAPNSSNTTIGKYSVSWLKRFVDNDTRYSQFLCPAPHDDSAISEYRSTCPY,547_55_N161D,V - Alternate Reconstructions,0.195,0.091,0.106,0.130666667,0.056216842,0.032456809,0.24525581,0.091,0.069769587,0.135341799,0.09577839,0.055297679,0.405,0.322633745679012
AANPYERGPDPTESSLEASSGPFSVSETSVSRLSASGFGGGTIYYPTTTSEGTYGAVAISPGYTATQSSIAWLGPRLASHGFVVITIDTNTTFDQPDSRARQLMAALNYLVNRSSVRSRIDSSRLAVMGHSMGGGGTLRAAEDNPSLKAAIPLTPWHTNKNWSSVRVPTLIIGAENDTIAPVSSHAKPFYNSLPSSTSKAYLELNGASHFAPNSSNTTIGKYSIAWLKRFVDNDTRYSQFLCPAPHDDSAISEYRSTCPY,443_35_P198S,V - Alternate Reconstructions,0.109,0.114,0.149,0.124,0.021794495,0.012583058,0.137091709,0.114,0.098072344,0.116388018,0.019618988,0.011327028,0.389,0.318766066838046
ADNPYERGPDPTESSIEASRGPFAVSQTSVSRLSVSGFGGGTIYYPTTTSEGTFGAVAISPGYTATQSSIAWLGPRLASQGFVVFTIDTNTTYDQPDSRARQLLAALDYLTQRSSVRSRIDPSRLAVMGHSMGGGGTLRAAEDNPSLKAAIPLTPWHTDKNWSSVRTPTLIIGAENDTVAPVSSHAKPFYNSLPSSPPKAYLELNGASHFAPNSSNTTIAKYSIAWLKRFVDDDTRYDQFLCPAPSTDSAISEYRSTCPY,35_435,V - Alternate Reconstructions,0.159,0.128,0.108,0.131666667,0.025696952,0.014836142,0.199977814,0.128,0.071085994,0.13302127,0.064592454,0.037292471,0.416,0.316506411057692
MAANPYERGPDPTESSLEASSGPFSVSTTSVSRLSVSGFGGGTIYYPTSTSEGTYGAVAISPGYTATQSSIAWLGRRLASHGFVVITIDTNTTFDQPDSRADQLMAALNYLVNRSSVRSRIDSSRLAVMGHSMGGGGTLRAAKDRPSLKAAIPLTPWHTDKNWSSVTVPTLIIGAENDTIAPVSSHAKPFYNSLPSSTSKAYLELNGASHFAPNSSNTTIGKYSVAWLKRFVDNDTRYSQFLCPAPHDGSAISEYRDTCPY,20_596,II - ASR,0.165,0.136,0.165,0.155333333,0.016743158,0.009666667,0.207524147,0.136,0.108603602,0.15070925,0.051074358,0.029487794,0.495,0.313804713131313
AANPYERGPDPTEASLEASSGPFSVSETTVSRLSASGFGGGTIYYPTTTSSGTYGAVAISPGYTATQSSIAWLGPRLASHGFVVITIDTNTTFDQPDSRARQLMAALNYLVNRSSVRSRIDSSRLAVMGHSMGGGGTLRAAEDNPSLKAAIPLTPWHTNKNWSSVRVPTLIIGAENDTIAPVSSHAKPFYNSLPSSTPKAYLELNGASHFAPNSSNTTIGKYSVSWLKRFVDNDTRYSQFLCPAPHDDSAISEYRSTCPY,547_55_S29T,V - Alternate Reconstructions,0.156,0.09,0.122,0.122666667,0.03300505,0.019055475,0.196204648,0.09,0.080300845,0.122168498,0.064300327,0.037123811,0.41,0.299186992682927
AANPYERGPDPTDASLEASSGPFSVSQTSVSRLSASGFGGGTIYYPTTTSSGTYGAVAISPGYTATQSSIAWLGPRLASHGFVVITIDTNTTFDQPDSRARQLMAALNYLVNRSSVRSRIDSSRLAVMGHSMGGGGTLRAAEDNPSLKAAIPLTPWHTNKNWSSVRVPTLIIGAENDTIAPVSSHAKPFYNSLPSSTPKAYLELNGASHFAPNSSNTTIGKYSVSWLKRFVDNDTRYSQFLCPAPHDDSAISEYRSTCPY,AncG4_E27Q/E13D,IX - Recombinations,0.078,0.099,0.152,0.109666667,0.038135723,0.02201767,0.098102324,0.099,0.100046955,0.09904976,0.00097327,0.000561918,0.377,0.290893015915119
AANPYERGPNPTDALLEARSGPFSVSEENVSRLSASGFGGGTIYYPRENSENTYGAVAISPGYTGTQASIAWLGERIASHGFVVITIDTNTTLDQPDSRARQLNAALNYMINRSTVRSRIDSSRLAVMGHSMGGGGTLRLASQRPDLKAAIPLTPWHLNKNWSSVRVPTLIIGADLDTIAPVATHAKPFYNSLPSSISKAYLELDGATHFAPNIPNKIIGKYSVAWLKRFVDNDTRYTQFLCPGPRDGGEVEEYRSTCPF,35_528,V - Alternate Reconstructions,0.301,0.082,0.122,0.168333333,0.116620467,0.067330858,0.378574353,0.082,0.080300845,0.180291733,0.171719888,0.099142523,0.584,0.288242008561644
AANPYERGPDPTEASLEASSGPFSVSETSVSRLSASGFGGGTIYYPTTTSSGTYGAVAISPGYTATQSSIAWLGPRLASHGFVVITIDTNTTFDQPDSRARQLMAALNYLVNRSSVRSRIDSSRLAVMGHSMGGGGTLRAAEDNPSLKAAIPLTPWHTKKNWSSVRVPTLIIGAENDTIAPVSSHAKPFYNSLPSSTPKAYLELNGASHFAPNSSNTTIGKYSVSWLKRFVDNDTRYSQFLCPAPHDDSAISEYRSTCPY,547_55_N159K,V - Alternate Reconstructions,0.087,0.094,0.151,0.110666667,0.035104606,0.020267654,0.109421823,0.094,0.099388751,0.100936858,0.007826598,0.004518688,0.387,0.285960379844961
MSNPYQRGPNPTRSALTADGPFSVATYTVSRLSVSGFGGGVIYYPTGTSLTFGGIAMSPGYTHDASSLAWLGRRLASHGFVVLVINTNSRFDYPDSRASQLSAALNYLRTSSPSAVRARLDANRLAVAGHSMGGGGTLRIAEQNPSLRAAVPLTPWHTDKTFNTSVPVLIVGAEADTVAPVSQHAIPFYQNLPSTTPKVYVELRNASHFAPNSNNAAISVYTISWMRLWVMNDTRYRQFLCNVNDPALSDFRTNNRHCQ,4ebo_RS_H_top5,"I - Extants, Designs, ICCG",0.032,0.1,0.196,0.109333333,0.082397411,0.047572167,0.040247107,0.1,0.129007916,0.089751674,0.045259158,0.026130387,0.383,0.285465621409922
AANPYERGPDPTEASLEASSGPFSVSETSVSRLSASGFGGGTIYYPTTTSSGTYGAVAISPGYTATQSSIAWLGPRLASHGFVVITIDTNSTFDQPDSRARQLMAALNYLVNRSSVRSRIDSSRLAVMGHSMGGGGTLRAAEDNPSLKAAIPLTPWHTNKNWSSVRVPTLIIGAENDTIAPVSSHAKPFYNSLPSSTPKAYLELNGASHFAPNSSNTTIGKYSVSWLKRFVDNDTRYSQFLCPAPHDDSAISEYRSTCPY,547_55_T91S,V - Alternate Reconstructions,0.113,0.087,0.081,0.093666667,0.017009801,0.009820613,0.142122598,0.087,0.053314496,0.094145698,0.044833196,0.025884458,0.329,0.28470111550152
MANPYERGPNPTDALLEARSGPFSVSEENVSRLGASGFGGGTIYYPRENNTYGAVAISPGYTGTQASVAWLGKRIASHGFVVITIDTITTLDQPDSRARQLNAALDYMINDASSAVRSRIDSSRLAVMGHSMGGGGSLRLASQRPDLKAAIPLTPWHLNKNWSSVRVPTLIIGADLDTIAPVLTHARPFYNSLPTSISKAYLELDGATHFAPNIPNKIIGKYSVAWLKRFVDNDTRYTQFLCPGPRDGLFGEVEEYRSTCPF,Tfcut2_E5BBQ2,"I - Extants, Designs, ICCG",0.06,0.122,0.304,0.162,0.126822711,0.073221126,0.075463326,0.122,0.20009391,0.132519079,0.062977646,0.036360161,0.583,0.277873070325901
AANPYERGPDPTEASLEASSGPFSVSETSVSPLSASGFGGGTIYYPTTTSSGTYGAVAISPGYTATQSSIAWLGPRLASHGFVVITIDTNTTFDQPDSRARQLMAALNYLVNRSSVRSRIDSSRLAVMGHSMGGGGTLRAAEDNPSLKAAIPLTPWHTNKNWSSVRVPTLIIGAENDTIAPVSSHAKPFYNSLPSSTPKAYLELNGASHFAPNSSNTTIGKYSVSWLKRFVDNDTRYSQFLCPAPHDDSAISEYRSTCPY,547_55_R32P,V - Alternate Reconstructions,0.065,0.109,0.159,0.111,0.047031904,0.027153882,0.081751937,0.109,0.104654381,0.098468772,0.014639349,0.008452032,0.404,0.274752475247525
AANPYERGPDPTESSLEASSGPFSVSETSVSRLSASGFGGGTIYYPTTTSEGTYGAVAISPGYTATQSSIAWLGPRLASHGFVVITIDTNTTFDQPDSRARQLMAALNYLVNRSSVRSRIDSSRLAVMGHSMGGGGTLRAAEDNPSLKAAIPLTPWHTNKNWSSVRVPTLIIGAENDTIAPVSTHAKPFYNSLPSSTPKAYLELNGASHFAPNSSNTTIGKYSIAWLKRFVDNDTRYSQFLCPAPHDDSAISEYRSTCPY,443_35_S184T,V - Alternate Reconstructions,0.098,0.137,0.081,0.105333333,0.028711206,0.016576423,0.123256766,0.137,0.053314496,0.104523754,0.044877725,0.025910167,0.392,0.268707482142857
AANPYERGPDPTESSLEASSGPFSVSETSVSRLSASGFGGGTIYYPTTTSEGTYGAVAISPGYTATQSSIAWLGPRLASHGFVVITIDTNTTFDQPDSRARQLMAALNYLVNRSSVRSRIDSSRLAVMGHSMGGGGTLRAAEDNPSLKAAIPLTPWHTNKNWSSVRVPTLIIGAENDTVAPVSSHAKPFYNSLPSSTPKAYLELNGASHFAPNSSNTTIGKYSIAWLKRFVDNDTRYSQFLCPAPHDDSAISEYRSTCPY,443_35_I179V,V - Alternate Reconstructions,0.06,0.131,0.127,0.106,0.039887341,0.023028967,0.075463326,0.131,0.083591864,0.096685063,0.02999424,0.017317183,0.4,0.265
MADNPYERGPDPTESSIEASRGPFAVSETSVSRLSVSGFGGGTIYYPTTTSEGTFGAVAISPGYTGTQSSIAWLGPRLASQGFVVITIDTNTTYDQPDSRARQLLAALDYLTQRSSVRSRIDASRLAVMGHSMGGGGTLRAAEDRPSLKAAIPLTPWHTDKNWSSVRVPTLIIGAENDTIAPVSSHAEPFYNSLPSSLPKAYLELNGASHFAPNTSNTTIAKYSISWLKRFVDNDTRYTQFLCPAPRPGSAIEEYRDTCPY,50_615,II - ASR,0.093,0.115,0.104,0.104,0.011,0.006350853,0.116968156,0.115,0.06845318,0.100140445,0.027459616,0.015853817,0.397,0.261964735516373
AANPYERGPNPTDALLEARSGPFSVSEENVSRLSASGFGGGTIYYPRENSENTYGAVAISPGYTGTQASIAWLGERIASHGFVVITIDTNTTLDQPDSRARQLNAALNYMINRSTVRSRIDSSRLAVMGHSMGGGGTLRLASQRPDLKAAIPLTPWHLNKNWSSVTVPTLIIGADLDTIAPVATHAKPFYNSLPSSISKAYLELDGATHFAPNIPNKIIGKYSVAWLKRFVDNDTRYTQFLCPGPRDGGEVEEYRSTCPF,55_639,V - Alternate Reconstructions,0.249,0.118,0.118,0.161666667,0.075632885,0.043666667,0.313172803,0.118,0.077668031,0.169613611,0.125950777,0.072717715,0.621,0.260332797101449
MQANPYQRGPDPTSASLEASSGPFSVSTTSVSRLSASGFGGGTIYYPTTTSSGTYGAVAISPGYTATQSSIAWLGPRLASHGFVVITIDTNSTFDQPDSRATQLMAALNYVVNSSTVRSRVDSSRLAVMGHSMGGGGTLQAAEDNPSLKAAIPLTPWHTNKNFSSVRVPTLIIGAENDTIAPVSSHAKPFYNSLPSSTSKAYVELNGASHFAPNSSNTTIGKYSVSWMKRFVDNDTRYSPFLCGAPHDDSAISEYRSTCPY,25_552,II - ASR,0.079,0.106,0.085,0.09,0.014177447,0.008185353,0.099360046,0.106,0.05594731,0.087102452,0.027184635,0.015695056,0.353,0.254957507082153
AANPYERGPDPTEASVEASSGPFSVSETSVSRLSASGFGGGTIYYPTTTSSGTYGAVAISPGYTATQSSIAWLGPRLASHGFVVITIDTNTTFDQPDSRARQLMAALNYLVNRSSVRSRIDSSRLAVMGHSMGGGGTLRAAEDNPSLKAAIPLTPWHTNKNWSSVRVPTLIIGAENDTIAPVSSHAKPFYNSLPSSTPKAYLELNGASHFAPNSSNTTIGKYSVSWLKRFVDNDTRYSQFLCPAPHDDSAISEYRSTCPY,547_55_L16V,V - Alternate Reconstructions,0.064,0.127,0.112,0.101,0.032908965,0.019,0.080494215,0.127,0.073718809,0.093737674,0.029004539,0.016745778,0.399,0.253132832080201
MQANPYQRGPDPTSSSLEASSGPFSVSTTSVSRLSVSGFGGGTIYYPTNTSSGTYGAVAISPGYTATQSSIAWLGPRLASHGFVVITIDTNSTFDQPDSRATQLMAALDYVVNSSPVRSRVDSSRLAVMGHSMGGGGTLRAAEDNPSLKAAIPLTPWHTDKNFSSVRVPTLIIGAENDTVAPVSSHAKPFYNSLPSSTPKAYLELNGASHFAPNSSNTTIGKYSVSWMKRFVDNDTRYSQFLCPAPHDDSAISEYRSTCPY,95_544,II - ASR,0.091,0.071,0.106,0.089333333,0.017559423,0.010137938,0.114452711,0.071,0.069769587,0.085074099,0.025450061,0.0146936,0.375,0.238222221333333
ADNPYERGPDPTESSIEASRGPFAVSETSVSRLSVSGFGGGTIYYPTDTSEGTFGAVAISPGYTATQSSIAWLGPRLASQGFVVFTIDTNTTYDQPDSRARQLLAALDYLTNRSSVRSRIDPSRLAVMGHSMGGGGTLRAAEDNPSLKAAIPLTPWHTDKNWSSVRVPTLIIGAENDTVAPVSSHAKPFYNSLPSSPPKAYLELNGASHFAPNSSNTTIAKYSISWLKRFVDDDTRYDQFLCPAPSSDSAISEYRSTCPY,55_546,V - Alternate Reconstructions,0.058,0.082,0.12,0.086666667,0.031262331,0.018049315,0.072947882,0.082,0.078984438,0.07797744,0.004609311,0.002661187,0.393,0.220525870229008
AANPYERGPDPTEASLEASSGPFSVSETSVSRLSASGFGGGTIYYPTTTSSGTYGAVAVSPGYTATQSSIAWLGPRLASHGFVVITIDTNTTFDQPDSRARQLMAALNYLVNRSSVRSRIDSSRLAVMGHSMGGGGTLRAAEDNPSLKAAIPLTPWHTNKNWSSVRVPTLIIGAENDTIAPVSSHAKPFYNSLPSSTPKAYLELNGASHFAPNSSNTTIGKYSVSWLKRFVDNDTRYSQFLCPAPHDDSAISEYRSTCPY,547_55_I59V,V - Alternate Reconstructions,0.081,0.095,0.076,0.084,0.009848858,0.005686241,0.10187549,0.095,0.050023477,0.082299656,0.028162597,0.016259683,0.385,0.218181818181818
AANPYERGPDPTEASLEASSGPFSVSETSVSRLSASGFGGGTIYYPTTTSAGTYGAVAISPGYTATQSSIAWLGPRLASHGFVVITIDTNTTFDQPDSRARQLMAALNYLVNRSSVRSRIDSSRLAVMGHSMGGGGTLRAAEDNPSLKAAIPLTPWHTNKNWSSVRVPTLIIGAENDTIAPVSSHAKPFYNSLPSSTPKAYLELNGASHFAPNSSNTTIGKYSVSWLKRFVDNDTRYSQFLCPAPHDDSAISEYRSTCPY,547_55_S51A,V - Alternate Reconstructions,0.061,0.107,0.083,0.083666667,0.023007245,0.013283239,0.076721048,0.107,0.054630903,0.07945065,0.026291037,0.015179137,0.389,0.215081406169666
MQANPYQRGPDPTSSSLEASSGPFSVSTTSVSRLSASGFGGGTIYYPTTTSSGTYGAVAISPGYTATQSSIAWLGRRLASHGFVVITIDTNSTFDQPDSRATQLMAALNYLVNSSTVRSRIDASRLAVMGHSMGGGGTLRAAEDNPSLKAAIPLTPWHTDKNFSSVRVPTLIIGAENDTIAPVSTHAKPFYNSLPSSTSKAYVELNGASHFAPNSSNTPIGKYSISWMKRFVDNDTRYSQFLCGAPHDGSAISEYRDNCPY,50_617,II - ASR,0.111,0.067,0.038,0.072,0.036755952,0.021221059,0.139607153,0.067,0.025011739,0.077206297,0.057975457,0.033472146,0.361,0.199445983379501
MQANPYQRGPDPTSSSLEASSGPFSVSTTSVSSLSVSGFGGGTIYYPTNTSSGTYGAVAISPGYTATQSSIAWLGPRLASHGFVVITIDTNSTFDQPDSRARQLMAALNYLVNRSPVRSRVDSSRLAVMGHSMGGGGTLRAAEDNPSLKAAIPLTPWHTDKNFSSVRVPTLIIGAENDTIAPVSSHAKPFYNSLPSSTSKAYLELNGASHFAPNSSNTTIGKYSVSWMKRFVDNDTRYSQFLCPAPHDDSAISEYRDTCPY,45_469,II - ASR,0.07,0.06,0.075,0.068333333,0.007637626,0.004409585,0.088040547,0.06,0.049365274,0.06580194,0.019979767,0.011535324,0.369,0.185185184281843
AANPYERGPDPTEASLEASSGPFSVSETSVSRLSASGFGGGTIYYPTTTSSGTYGAVAISPGYTATQSSIAWLGPRLASHGFVVITIDTNTTFDQPDSRAEQLMAALNYLVNRSSVRSRIDSSRLAVMGHSMGGGGTLRAAEDNPSLKAAIPLTPWHTNKNWSSVRVPTLIIGAENDTIAPVSSHAKPFYNSLPSSTPKAYLELNGASHFAPNSSNTTIGKYSVSWLKRFVDNDTRYSQFLCPAPHDDSAISEYRSTCPY,547_55_R101E,V - Alternate Reconstructions,0.072,0.051,0.062,0.061666667,0.010503968,0.006064469,0.090555991,0.051,0.040808626,0.060788206,0.026278448,0.015171869,0.379,0.162708883905013
MAANPYERGPDPTNASLEASSGPFSVSETSVSRLSASGFGGGTIYYPTSTSEGTYGAVAISPGYTGTQSSIAWLGPRLASHGFVVITIDTNTTLDQPDSRASQLMAALNYLVNRSTVRSRIDASRLAVMGHSMGGGGTLRAAEQRPSLKAAIPLTPWHTDKNWSSVRVPTLIIGAENDTIAPVSSHAKPFYNSLPSTISKAYLELNGASHFAPNSSNTTIGKYSISWLKRFVDNDTRYSQFLCPAPRQGALIEEYRDTCPY,80_645,II - ASR,0.075,0.059,0.044,0.059333333,0.015502688,0.008950481,0.094329158,0.059,0.028960961,0.060763373,0.032719756,0.01889076,0.402,0.147595355721393
QSNPYQRGPNPTRSALTASDGPFSVATYTVSRLSVSGFGGGVIYYPTGTSSLTFGGIAMSPGYTADASSLAWLGRRLASHGFVVIVINTNSRFDYPDSRASQLSAALNYLRTSSAVRARLDANRLAVAGHSMGGGGTLRIAEQNPSLKAAVPLTPWHTDKTFSNTSVPVLIVGAEADTVAPVSQHAIPFYQNLPSTTPKVYVELDNASHFAPNSNNAAISVYTISWMKLWVDNDTRYRQFLCNVPNDGPALSDFRTNNRH,35_527,V - Alternate Reconstructions,0.059,0.052,0.054,0.055,0.003605551,0.002081666,0.074205604,0.052,0.035542997,0.0539162,0.019402401,0.011201981,0.387,0.142118863049096
ADNPYERGPDPTESSIEASRGPFAVSQTSVSRLSVSGFGGGTIYYPTSTSEGTFGAVAISPGYTATQSSIAWLGPRLASQGFVVFTIDTNTRYDQPDSRGRQLLAALDYLTQRSSVRSRIDPSRLAVMGHSMGGGGTLEAAEDRPSLKAAIPLTPWHTDKNWSSVRTPTLIIGAENDTVAPVSSHAKPFYNSLPSSPEKAYLELNGASHFAPNSSNTTIAKYSIAWLKRFVDDDTRYDQFLCPAPSTDSAISEYRSTCPY,35_434,V - Alternate Reconstructions,0.025,0.064,0.059,0.049333333,0.021221059,0.012251984,0.031443053,0.064,0.038834015,0.044759023,0.01706804,0.009854237,0.393,0.125530109414758
MANPYERGPNPTDALLEARSGPFSVSEERASRFGADGFGGGTIYYPRENNTYGAVAISPGYTGTQASVAWLGERIASHGFVVITIDTNTTLDQPDSRARQLNAALDYMINDASSAVRSRIDSSRLAVMGHSMGGGGTLRLASQRPDLKAAIPLTPWHLNKNWSSVRVPTLIIGADLDTIAPVLTHARPFYNSLPTSISKAYLELDGATHFAPNIPNKIIGKYSVAWLKRFVDNDTRYTQFLCPGPRDGLFGEVEEYRSTCPF,Tfcut2_Q47RJ7,"I - Extants, Designs, ICCG",0.046,0.272,0.12,0.125,0.090182038,0.052066624,0.057855217,0.272,0.078984438,0.136279885,0.118010903,0.068133627,1.069,0.116931711880262
MANPYERGPNPTESMLEARSGPFSVSEERASRLGADGFGGGTIYYPRENNTYGAIAISPGYTGTQSSIAWLGERIASHGFVVIAIDTNTTLDQPDSRARQLNAALDYMLTDASSSVRNRIDASRLAVMGHSMGGGGTLRLASQRPDLKAAIPLTPWHLNKSWRDITVPTLIIGADLDTIAPVSSHSEPFYNSIPSSTDKAYLELNNATHFAPNITNKTIGMYSVAWLKRFVDEDTRYTQFLCPGPRTGLLSDVDEYRSTCPF,LCC_D4Q9N1,"I - Extants, Designs, ICCG",0.169,0.132,0.045,0.115333333,0.06365794,0.036752929,0.212555035,0.132,0.029619164,0.124724733,0.091684679,0.052934174,1.124,0.102609726868327
MANPYERGPNPTDALLEARSGPFSVSEENVSRLSASGFGGGTIYYPRENNTYGAVAISPGYTGTEASIAWLGERIASHGFVVITIDTITTLDQPDSRAEQLNAALNHMINRASSTVRSRIDSSRLAVMGHSMGGGGSLRLASQRPDLKAAIPLTPWHLNKNWSSVRVPTLIIGADLDTIAPVLTHARPFYNSLPTSISKAYLELDGATHFAPNIPNKIIGKYSVAWLKRFVDNDTRYTQFLCPGPRDGLFGEVEEYRSTCPF,Tfcut2_E9LVI0,"I - Extants, Designs, ICCG",0.042,0.091,0.131,0.088,0.044575778,0.025735837,0.052824328,0.091,0.086224678,0.076683002,0.020799715,0.012008721,0.864,0.101851851851852
MANPYERGPNPTQALLEARSGPFSVSSERAWRLGSDGFGGGTIYYPRENNTYGAVAISPGYTGTQASVAWLGERIASHGFVVITIDTNTTLDQPDSRARQLDAALDHMLNDASSAVRSRIDRNRLAVMGHSMGGGGTLRLASQRPDLKAAIPLTPWHLNKSWSNVQVPTLIIGADLDTIAPVLTHAEPFYNSIPTSTRKAYLELDGATHFAPNITNSTIGMYSVAWLKRFVDEDTRYTQFLCPGPRTGLFSDVEEYRSTCPF,Tfcut2_A0A147KJY8,"I - Extants, Designs, ICCG",0.082,0.071,0.066,0.073,0.008185353,0.004725816,0.103133212,0.071,0.043441441,0.072524884,0.029875087,0.01724839,0.743,0.098250336473755
MAANPYERGPNPTDALLEARSGPFSVSEENVSRLSASGFGGGTIYYPRESNTYGAVAISPGYTGTEASIAWLGERIASHGFVVITIDTITTLDQPDSRAEQLNAALNHMINRASSTVRSRIDSSRLAVMGHSMGGGGTLRLASQRPDLKAAIPLTPWHLNKNWSSVTVPTLIIGADLDTIAPVATHAKPFYNSLPSSISKAYLELDGATHFAPNIPNKIIGKYSVAWLKWFVDNDTRYTQFLCPGPRDGLFGEVEEYRSTCPF,LCC_E0Z5H1,"I - Extants, Designs, ICCG",0.046,0.125,0.114,0.095,0.042790186,0.024704925,0.057855217,0.125,0.075035216,0.085963478,0.034880878,0.020138484,1.077,0.0882079851439183
MAENPYERGPDPTESSIEASRGPFAVSQTSVSSLSVSGFGGGTIYYPTSTSEGTFGAVAISPGYTATQSSIAWLGPRLASQGFVVFTIDTNTRYDQPASRGRQLLAALDYLTQRSSVRSRIDPSRLAVAGHSMGGGGTLEAAEDRPSLQAAIPLAPWNLDKNWSSVRVPTLIIGGESDTVAPVSSHSEPFYNSLPSSPDKAYLELNNASHFFPNTSNTTMAKYMISWLKRFVDNDTRYEQFLCPAPSRDSTISEYRDTCPH,30_595,II - ASR,0.087,0.058,0.056,0.067,0.017349352,0.010016653,0.109421823,0.058,0.036859404,0.068093742,0.037319417,0.021546375,0.791,0.0847029077117573
MQANPYQRGPDPTSASLEASSGPFSVSTTSVSRLSASGFGGGTIYYPTTTSSGKYGAVAISPGYTATQSSIAWLGRRLASHGFVVITIDTNTTLDQPDSRATQLMAALNYVVNSSTVRSRVDASRLAVMGHSMGGGGTLIAAENNPSLKAAIPLTPWHTSKNFSSVRVPTLIIGAENDTIAPVSSHAKPFYNSLPSTTSKAYLELNGASHFAPNSSNTPIGKYSISWMKRFVDNDTRYSPFLCGAPHQGAVISEYRDNCPY,80_647,II - ASR,0.041,0.03,0.018,0.029666667,0.011503623,0.00664162,0.051566606,0.03,0.011847666,0.031138091,0.019883913,0.011479983,0.374,0.0793226390374332
MANPYERGPNPTDALLEARSGPFSVSEERASRFGADGFGGGTIYYPRENNTYGAVAISPGYTGTQASVAWLGERIASHGFVVITIDTNTTLDQPDSRARQLNAALDYMINDASSAVRSRIDSSRLAVMGHSMGGGGTLRLASQRPDLKAAIPLTPWHLNKNWSSVRVPTLIIGADLDTIAPVLTHARPFYNSLPTSISKAYLELDGATHFAPNIPNKIIGKYSVAWLKRFVDNDTRYTQFLCPGPRDGLFGEVEEYRSTCPF,Tfcut2_E9LVH9,"I - Extants, Designs, ICCG",0.053,0.068,0.191,0.104,0.075716577,0.043714986,0.066659271,0.068,0.125716897,0.086792056,0.033716566,0.019466269,1.331,0.0781367392937641
QANPYQRGPDPTSASLTASDGPFSVSTSSVSRLSASGFGGGTIYYPTTTSSGRYGVVAISPGYTATQSSIAWLGRRLASHGFVVITIDTNSTFDQPDSRATQLMAALNYVVNSSAVRSRVDASRLAVAGHSMGGGGTLRAAEDNPSLKAAVPLTPWHTDKNFSSVTVPTLIIGAENDTVAPVSSHAIPFYNSLPSSTPKAYVELNGASHFAPNSSNTPISRYSVSWMKRFVDNDTRYSPFLCGAPHDDSAISEFRSNCPY,55_613,V - Alternate Reconstructions,0.017,0.048,0.019,0.028,0.017349352,0.010016653,0.021381276,0.048,0.012505869,0.027295715,0.018471431,0.010664486,0.37,0.0756756756756757
MAENPYERGPAPTESSIEASRGPFAVSQTSVSSLSVSGFGGGTIYYPTSTSEGTFGAVAIAPGYTATQSSMAWLGPRLASQGFVVFTIDTNTRYDQPASRGRQLLAALDYLTQRSSVRSRIDASRLGVMGHSMGGGGTLEAAEDRPSLQAAIPLTPWNLDKNWSEVRVPTMIIGAENDTIAPVSSHSEPFYNSLPSSLDKAYLELNGASHFAPNSSNTTIAKYSISWLKRFIDNDTRYEQFLCPAPSPDSTISEYRDTCPH,40_413,II - ASR,0.024,0.027,0.018,0.023,0.004582576,0.002645751,0.03018533,0.027,0.011847666,0.023010999,0.00979804,0.005656901,0.353,0.0651558073654391
MQANPYQRGPDPTESSLEASSGPFSVSTTSVSRLSVSGFGGGTIYYPTSTSSGTYGAVAISPGYTATQSSIAWLGPRLASHGFVVITIDTNSTFDQPDSRATQLMAALNYLVNSSSVRSRIDSSRLAVMGHSMGGGGTLRAAEDNPSLKAAIPLTPWHTDKNFSSVTVPTLIIGAENDTIAPVSSHAKPFYNSLPSSTSKAYVELNGASHFAPNSSNTTIGKYSVSWMKRFVDNDTRYSQFLCGAPHDDSAISEYRSNCPY,1_534,II - ASR,0.011,0.018,0.041,0.023333333,0.01569501,0.009061518,0.013834943,0.018,0.02698635,0.019607098,0.00672138,0.00388059,0.373,0.0625558525469169
ANPYERGPNPTDALLEARSGPFSVSEENVSRLSASGFGGGTIYYPRENNTYGAVAISPGYTGTEASIAWLGERIASHGFVVITIDTITTLDQPDSRAEQLNAALNHMINRASSTVRSRIDSSRLAVMGHSMGGGGSLRLASQRPDLKAAIPLTPWHLNKNWSSVTVPTLIIGADLDTIAPVATHAKPFYNSLPSSISKAYLELDGATHFAPNIPNKIIGKYSVAWLKRFVDNDTRYTQFLCPGPRDGLFGEVEEYRSTCPF,Tfcut2_WT_E5BBQ3,"I - Extants, Designs, ICCG",0.037,0.05,0.065,0.050666667,0.0140119,0.008089774,0.046535718,0.05,0.042783237,0.046439652,0.00360934,0.002083854,0.811,0.0624743119605425
MAENPYERGPDPTESSIEATRGPFAVSQTSVSRLSVSGFGGGTIYYPTSTSEGTFGAVAISPGYTATQSSIAWLGPRLASQGFVVITIDTNSRYDQPASRGDQLLAALDYLTQSSSVRSRIDPSRLAVMGHSMGGGGTLEAAKDRPSLKAAIPLTPWNTDKNWSEVRVPTLIIGAENDTVAPVSSHAEPFYNSLPSSPEKAYLELNGASHFAPNSSNTTIAKYSISWLKRFVDDDTRYDQFLCPAPSPDSAISEYRSTCPH,60_447,II - ASR,0.046,0.005,0.006,0.019,0.023388031,0.013503086,0.057855217,0.005,0.003949222,0.022268146,0.030823785,0.017796121,0.351,0.0541310541310541
MADNPYERGPAPTESSIEASRGPFAVSQTSVSSLSVSGFGGGTIYYPTSTSEGTFGAVAISPGYTATQSSIAWLGPRLASQGFVVFTIDTNTRYDQPDSRGRQLLAALDYLTQRSSVRSRIDPSRLGVMGHSMGGGGTLEAAKDRPSLQAAIPLTPWNLDKNWSSVRVPTLIIGAENDTIAPVASHSEPFYNSLPSSLDKAYLELNGASHFAPNSSNTTIAKYSISWLKRFIDNDTRYEQFLCPAPSRDSTISEYRDTCPH,20_418,II - ASR,0.023,0.02,0.014,0.019,0.004582576,0.002645751,0.028927608,0.02,0.009214851,0.01938082,0.009870954,0.005698998,0.359,0.052924791086351
ADNPYERGPDPTESSIEASRGPFAVSQTSVSRLSVSGFGGGTIYYPTDTSEGTFGAVAISPGYTATQSSIAWLGPRLASQGFVVITIDTNSTYDQPDSRARQLLAALDYLTNRSSVRSRIDPSRLAVMGHSMGGGGTLEAAEDNPSLKAAIPLTPWHTDKNWSSVRVPTLIIGAENDTIAPVSSHAKPFYNSLPSSPEKAYLELNGASHFAPNSSNTTIAKYSISWLKRFVDDDTRYDQFLCPAPSNDSAISEYRSTCPY,85_439,V - Alternate Reconstructions,0.01,0.027,0.022,0.019666667,0.008736895,0.005044249,0.012577221,0.027,0.01448048,0.018019234,0.007835574,0.004523871,0.396,0.0496633005050505
ADNPYERGPDPTESSIEASRGPFAVSQTSVSSLSVSGFGGGTIYYPTDTSEGTFGAVAISPGYTATQSSIAWLGPRLASQGFVVITIDTNSRYDQPDSRGRQLLAALDYLTQRSSVRSRIDPSRLAVMGHSMGGGGTLEAAEDRPSLKAAIPLTPWHTDKNWSSVRVPTMIIGAENDTIAPVSSHAEPFYNSLPSSPEKAYLELNGASHFAPNSSNTTIAKYSISWLKRFVDDDTRYDQFLCPAPSPDSAISEYRSTCPH,85_437,V - Alternate Reconstructions,0.026,0.021,0.01,0.019,0.008185353,0.004725816,0.032700775,0.021,0.006582037,0.02009427,0.013082904,0.007553418,0.393,0.0483460559796438
MSNPYQRGPNPTRSALTADGPFSVATYTVSRLSVSGFGGGVIYYPTGTSLTFGGIAMSPGYTADASSLAWLGRRLASHGFVVLVINTNSRFDYPDSRASQLSAALNYLRTSSPSAVRARLDANRLAVAGHSMGGGGTLRIAEQNPSLRAAVPLTPWHYDKTFNTSVPVLIVGAEADTVAPVSQHAIPFYQNLPSTTPKVYVELMNASHFAPNSNNAAISVYTISWMRLWVMNDTRYRQFLCNVNDPALSDFRTNNRHCQ,4eb0_RS_NH_top5,"I - Extants, Designs, ICCG",0.008,0.012,0.035,0.018333333,0.014571662,0.008412953,0.010061777,0.012,0.023037128,0.015032968,0.006999222,0.004041003,0.386,0.0474956813471503
MANPYERGPNPTESMLEARSGPFSVSEERASRFGADGFGGGTIYYPRENNTYGAIAISPGYTGTQSSIAWLGERIASHGFVVIAIDTNTTLDQPDSRARQLNAALDYMLTDASSAVRNRIDASRLAVMGHSMGGGGTLRLASQRPDLKAAIPLTPWHLNKSWRDITVPTLIIGAEYDTIASVTLHSKPFYNSIPSPTDKAYLELDGASHFAPNITNKTIGMYSVAWLKRFVDEDTRYTQFLCPGPRTGLLSDVEEYRSTCPF,Est2_WT_F7IX06,"I - Extants, Designs, ICCG",0.017,0.014,0.012,0.014333333,0.002516611,0.001452966,0.021381276,0.014,0.007898444,0.014426573,0.00675153,0.003897998,0.388,0.0369415798969072
MAENPYERGPAPTESSIEASSGPFSVSTTSVSSLSVSGFGGGTIYYPTSTSEGTFGAVAISPGYTATQSSIAWLGRRLASHGFVVITIDTNSTYDQPDSRGDQLLAALDYLTQRSSVRSRIDPSRLAVMGHSMGGGGTLEAAKDRPSLKAAIPLTPWHTDKNWSSVRVPTLIIGAENDTIAPVSSHAIPFYNSLPSSTEKAYLELNGASHFAPNSSNTTIGKYSVSWLKRFVDNDTRYSQFLCPAPSPDSAISEYRDTCPH,5_553,II - ASR,0.012,0.015,0.024,0.017,0.006244998,0.003605551,0.015092665,0.015,0.015796888,0.015296518,0.000435803,0.000251611,0.472,0.0360169491525424
MADNPYERGPDPTESSIEASRGPFAVSQTSVSSLSVSGFGGGTIYYPTDTSEGTFGAVAISPGYTASQSSIAWLGPRLASQGFVVITIDTNSRYDQPDSRGRQLLAALDYLTQRSSVRSRIDPNRLAVMGHSMGGGGTLEAAEDRPSLKAAIPLTPWHTDKNWSEVRVPTMIIGAENDTIAPVSSHAEPFYNSLPSSPEKAYLELNGASHFAPNTSNTTIAKYSISWLKRFVDDDTRYDQFLCPAPSPDSAISEYRDTCPH,70_421,II - ASR,0.013,0.015,0.009,0.012333333,0.00305505,0.001763834,0.016350387,0.015,0.005923833,0.01242474,0.005670294,0.003273746,0.352,0.0350378778409091
ADNPYERGPDPTESSIEASRGPFAVSQTSVSRLSVSGFGGGTIYYPTSTSEGTFGAVAISPGYTATQSSIAWLGPRLASQGFVVFTIDTNTRYDQPDSRGRQLLAALDYLTQRSSVRSRIDPSRLAVMGHSMGGGGTLEAAEDRPSLKAAIPLTPWNTDKNWSSVRVPTLIIGAENDTVAPVSSHAKPFYNSLPSSPEKAYLELNGASHFAPNSSNTTIAKYSISWLKRFVDDDTRYDQFLCPAPSSDSAISEYRSTCPY,55_545,V - Alternate Reconstructions,0.015,0.013,0.004,0.010666667,0.005859465,0.003382964,0.018865832,0.013,0.002632815,0.011499549,0.008219868,0.004745743,0.388,0.0274914097938144
MADNPYERGPDPTESSIEASRGPFAVSQTSVSRLSVSGFGGGTIYYPTSTSEGTFGAVAISPGYTATQSSIAWLGPRLASQGFVVFTIDTNTRYDQPDSRGDQLLAALDYLTQRSSVRSRIDPSRLAVMGHSMGGGGTLEAAKDRPSLKAAIPLTPWNTDKNWSSVTVPTLIIGAENDTIAPVSSHSKPFYNSLPSSPEKAYLELNGASHFAPNSSNTTIAKYSIAWLKRFVDNDTRYSQFLCPAPSADSAISEYRDTCPY,20_594,II - ASR,0.013,0.006,0.006,0.008333333,0.004041452,0.002333333,0.016350387,0.006,0.003949222,0.008766536,0.006647369,0.00383786,0.351,0.0237416894586895
MQDNPYQRGPDPTRSSLEATNGPFSVSTTSVSSLSVSGFGGGTIYYPTSTSSGTFGAVAISPGYTASQSSIAWLGRRLASHGFVVITIDTNSRFDQPASRASQLMAALNYLTQSSSVRSRIDASRLAVAGHSMGGGGTLEAAKDNPSLKAAVPLTPWNTDKTFSSVRVPTLIIGAENDTIAPVSSHAIPFYNSLPSSTPKAYVELNGASHFAPNSSNTPIGKYSISWMKRFVDNDTRYSQFLCGAPHQSSALSDYRDNCPH,15_562,II - ASR,0.01,0.009,0.003,0.007333333,0.003785939,0.002185813,0.012577221,0.009,0.001974611,0.007850611,0.005393946,0.003114196,0.376,0.019503545212766
MADNPYERGPAPTNSSIEASRGPFAVSETSVSSLVSGFGGGTIYYPTSTSAGTFGAVAISPGYTGTQSSISWLGPRLASQGFVIFTIDTNSRYDQPDSRASQLLAALDYLTQQSSVRSRIDSSRLGVMGHSMGGGGTLRAASQRPALQAAIPLTAWHTTKNWSSVRVPTLVVGAENDSVASVSAHSEPFYTSLPSTLDKAYLELNNASHFAPNSSNTTIAKYSISWLKRFIDNDTRYEQFLCPAPGRSTLIEEYRDTCPHS,LCC_A0A1G8QY37,"I - Extants, Designs, ICCG",0.002,0,0.016,0.006,0.008717798,0.005033223,0.002515444,0,0.010531258,0.004348901,0.00549982,0.003175323,0.359,0.0167130919220056
MAENPYERGPAPTESSIEASRGPFAVSQTSVSSLSVSGFGGGTIYYPTSTSEGTFGAVAISPGYTATQSSIAWLGPRLASQGFVVFTIDTNTRYDQPASRGDQLLAALDYLTQRSSVRSRIDASRLGVMGHSMGGGGTLEAAKDRPSLQAAIPLTPWNLDKNWSEVRVPTLIIGAENDTIAPVSSHSEPFYNSLPSSLDKAYLELNGASHFAPNSSNTTIAKYSISWLKRFIDNDTRYEQFLCPAPSPDSTISEYRDTCPH,40_412,II - ASR,0.006,0.004,0.006,0.005333333,0.001154701,0.000666667,0.007546333,0.004,0.003949222,0.005165185,0.002062291,0.001190664,0.372,0.0143369166666667
MADNPYERGPAPTVSSIEALRGPFAVSETSVSSLVGGFGGGTIYYPTSTTSGTFGAVAVSPGYTGTQSSISWLGPRLASQGFVVFTIDTNTIYDQPDSRASQLLAALDYLTQQSSVRSRIDATRLGVMGHSMGGGGTLRAASQRPTLQAAIPLTAWHTTKNWSSVRVPTLVVGAEDDSIAPVATHSEPFYTTLPSTLDKAYLELNNATHFAPNSNNTTIAKYSISWLKRFIDNDTRYEQFLCPAPGRSTLIEEYRDTCPHS,LCC_A0A0N0A0T6,"I - Extants, Designs, ICCG",0.014,0.001,0.001,0.005333333,0.007505553,0.004333333,0.017608109,0.001,0.000658204,0.006422104,0.009688872,0.005593873,0.375,0.0142222213333333
MAENPYERGPAPTNSSIEASRGSFAVSETSVSSLSVTGFGGGTIYYPTSTSAGTFGAIAVSPGYTGTQSSISWLGPRIASQGFVVFTIDTITTLDQPDSRASQLLAALDYLTQRSAVRARIDATRLGVMGHSMGGGGTLRAAANRPALQAAIPLTGWHTDKTWGDVRVPTLVVGADGDTIAPVATHSKPFYNSLPSSLDRAYLELRGATHFTPNSSNTTIAKYSISWLKRFIDNDTRYEQFLCPTPSSSLLIAEFRGNCPHSS,LCC_A0A2T0T7X1,"I - Extants, Designs, ICCG",0.008,0.004,0.003,0.005,0.002645751,0.001527525,0.010061777,0.004,0.001974611,0.005345463,0.004208119,0.002429559,0.373,0.0134048257372654
MADNPYERGPAPTESSIEASRGPFAVSQTSVSSLSVSGFGGGTIYYPTSTSEGTFGAVAISPGYTATQSSIAWLGPRLASQGFVVFTIDTNTRYDQPDSRGRQLLAALDYLTQRSSVRSRIDASRLGVMGHSMGGGGTLEAAEDRPSLQAAIPLTPWNLDKNWSSVRVPTMIIGAENDTIAPVSSHSEPFYTSLPSSLDKAYLELNGASHFAPNTSNTTIAKYSISWLKRFIDNDTRYEQFLCPAPSRDTTISEYRDTCPH,65_416,II - ASR,0.006,0.006,0.002,0.004666667,0.002309401,0.001333333,0.007546333,0.006,0.001316407,0.004954247,0.003243947,0.001872894,0.383,0.0121845091383812
MAANPYERGPDPTEQSVTASRGPFATSQTTVPSLSASGFGGGTIYYPTDTSQGTFGAVAISPGYTSPEASIAWLGPRLASQGFVVITIETNSRYDQPDSRGRQLLAALDYLTQRSSVRSRIDPNRLAVMGHSMGGGGTLEAAENRPSLKAAIPLAPWHTDKNWSSVRVPTMIIGAENDTIAPVGSHAEPFYNSLTSAPEKAYLELNGADHFTFTSSNTTIAKYSISWLKRFVDDDTRYDQFLCPAPSPDSAISEYRSTCPH,85_567,II - ASR,0.008,0.006,0.007,0.007,0.001,0.00057735,0.010061777,0.006,0.004607426,0.006889734,0.002833938,0.001636175,0.657,0.0106544901065449
MADNPYERGPDPTESSIEASRGPFAVSQTSVSSLSVSGFGGGTIYYPTSTSEGTFGAVAISPGYTATQSSIAWLGPRLASQGFVVFTIDTNSRYDQPDSRARQLLAALDYLTQRSSVRSRIDPSRLAVMGHSMGGGGTLEAAEDRPSLKAAIPLTPWHTDKNWSSVRVPTLIIGAENDTIAPVSSHAEPFYNSLPSSPDKAYLELNGASHFAPNSSNTTIAKYSISWLKRFVDNDTRYDQFLCPAPSNDSAISEYRDTCPY,45_443,II - ASR,0.002,0.003,0.002,0.002333333,0.00057735,0.000333333,0.002515444,0.003,0.001316407,0.002277284,0.000866696,0.000500387,0.365,0.00639269315068493
AANPYERGPDPTEASLEASSGPFSVSETSVSRLSASGFGGGTIYYPTTTSSGTYGAVAISPGYTATQSSIAWLGPRLASHGFVVITIDTNTTDDQPDSRARQLMAALNYLVNRSSVRSRIDSSRLAVMGHSMGGGGTLRAAEDNPSLKAAIPLTPWHTNKNWSSVRVPTLIIGAENDTIAPVSSHAKPFYNSLPSSTPKAYLELNGASHFAPNSSNTTIGKYSVSWLKRFVDNDTRYSQFLCPAPHDDSAISEYRSTCPY,547_55_F93D,V - Alternate Reconstructions,0.007,0.004,0.003,0.004666667,0.002081666,0.00120185,0.008804055,0.004,0.001974611,0.004926222,0.003507669,0.002025154,0.786,0.00593723536895674
MAENPYERGPDPTEASIEAERGPFAIAQVSVPAGSGSGFGGGTIYYPTDTSQGTFGAVAISPGFTATEASIAWLGPRLASQGFVVITIDTNSRYDQPSARADQLLAALDYLTQSSSVRSRIDPNRLAVMGHSMGGGGTLEAAENRPSLKAAIPLAPWNTNKNWSSVRVPTMIIGAQNDTIAPVGSHAEPFYNSLPASPEKAYLELNGADHFAPTSSNTTIAKYSISWLKRFVDDDTRYDQFLCPAPSPDSAISEYRSTCPH,60_449,II - ASR,0.003,0.002,0.001,0.002,0.001,0.00057735,0.003773166,0.002,0.000658204,0.00214379,0.001562452,0.000902082,0.363,0.00550964187327824
MADNPYERGPAPTEASIEASRGPFAISQVSVPSASGSGFGGGTIYYPTDTSQGTFGAVAISPGFTATEASIAWLGPRLASQGFVVITIDTNSRYDQPDSRGKQLLAALDYLTQKSSVRSRIDPNRLAVMGHSMGGGGTLEAAENRPSLKAAIPLTPWHTDKNWSSVRVPTMIIGAENDTIAPVGSHAEPFYNSLPSSPEKAYLELKGADHFAPTSSNTTIAKYSISWLKRFVDDDTRYDQFLCPAPSSDSAISEYRDTCPH,65_428,II - ASR,0.003,0.001,0.001,0.001666667,0.001154701,0.000666667,0.003773166,0.001,0.000658204,0.001810457,0.001708326,0.000986303,0.363,0.00459136914600551
MADNPYERGPAPTEASIEALRGPYSVADTSVSRLGVSGFGGGTIYYPTSTSEGTFGAVVVAPGFTAYQSSMAWLGPRLASQGFVVFTIDTNTTLDQPDSRGRQLLAALDYLTERSSVRGRIDSSRLGVMGHSMGGGGTLEAAKSRPSLQAAIPLTPWNLDKTWPEVSTPTLIVGADGDTVAPVLTHAEPFYSSLPSSTDRAYLELNNATHFSPNTSNTTIAKYSISWLKRFIDNDTRYEQFLCPLPRPSLTIEEYRGNCPHGS,LCC_A0A0N0TYH4,"I - Extants, Designs, ICCG",0.002,0,0.003,0.001666667,0.001527525,0.000881917,0.002515444,0,0.001974611,0.001496685,0.001324075,0.000764455,0.367,0.00454132697547684
MAENPYERGPAPTVSSIEATRGPFAVSETSVSSLVSGFGGGTIYYPTSTASGTFGAVAISPGYTGTQSTISWLGPRIASQGFVVFTIDTNSIYDQPDSRASQLLAALDYLTQQSSVRTRIDATRLGVMGHSMGGGGTLRAASQRPALQAAIPLTGWHTTKNWSSVRVPTLVVGAEDDSIAPVSSHSEPFYTSLPSTLDKAYLELNNASHFAPNSSNTTIAKYSISWLKRFIDNDTRYEQFLCPAPGRSTLIEEYRDTCPHS,LCC_A0A1H9JU42,"I - Extants, Designs, ICCG",0.002,0.002,0.001,0.001666667,0.00057735,0.000333333,0.002515444,0.002,0.000658204,0.001724549,0.00095877,0.000553546,0.373,0.00446827613941019
MAENPYERGPDPTEASIEASRGPFAISQVSVPSGSGSGFGGGTIYYPTDTSQGTFGAVAISPGFTATEASIAWLGPRLASQGFVVITIDTNSRYDQPDARADQLLAALDYLTQKSSVRSRIDPNRLAVMGHSMGGGGTLEAAENRPSLKAAIPLAPWNTNKNWSSVRVPTMIIGAQNDTIAPVGSHAEPFYNSLPASPEKAYLELKGADHFAPTSPNTTIAKYSISWLKRFVDDDTRYDQFLCPAPSSDSAISEYRDTCPH,10_435,II - ASR,0.002,0.001,0.001,0.001333333,0.00057735,0.000333333,0.002515444,0.001,0.000658204,0.001391216,0.000988495,0.000570708,0.365,0.00365296712328767
MADNPYERGPDPTRSSIEATNGPFSVSTTSVSSLSVSGFGGGTIYYPTSTSEGTFGAVAISPGYTASQSSIAWLGRRLASHGFVVITIDTNSRYDQPASRGDQLLAALDYLTQRSSVRSRIDPSRLAVAGHSMGGGGTLEAAKDRPSLKAAVPLTPWNTDKTWSEVRVPTLIIGAENDTIAPVSSHSIPFYNSLPSSTEKAYLELNGASHFAPNSSNTTIGKYSISWLKRFVDNDTRYSQFLCPAPSPSSALSDYRDTCPH,15_561,II - ASR,0.004,-0.001,0.001,0.001333333,0.002516611,0.001452966,0.005030888,-0.001,0.000658204,0.001563031,0.003115596,0.00179879,0.366,0.00364298633879781
MQANPYQRGPDPTSASLEASSGPFSVSTSSVSSLSASGFGGGTIYYPTTTSSGTYGAVAISPGYTATQSSIAWLGRRLASHGFVVITIDTNSTFDQPDSRATQLMAALNYVVNSSTVRSRVDASRLAVMGHSMGGGGTLIAAEDNPSLKAAIPLTPWHTSKNFSSVRVPTLIIGAENDTIAPVSSHAKPFYNSLPSSTSKAYVELNGASHFAPNSSNTPIGKYSISWMKRFVDNDTRYSPFLCGAPHQGAAISEYRDNCPY,50_618,II - ASR,0.001,0.002,0.001,0.001333333,0.00057735,0.000333333,0.001257722,0.002,0.000658204,0.001305309,0.000672163,0.000388073,0.372,0.00358422849462366
MAENPYERGPAPTESSIEASRGPFAVSQTSVSSLSVSGFGGGTIYYPTSTSEGTFGAVAISPGYTATQSSIAWLGPRLASQGFVVITIDTNSRYDQPASRGDQLLAALDYLTQRSSVRSRIDPSRLAVMGHSMGGGGTLEAAKDRPSLKAAIPLTPWNTDKNWSSVRVPTLIIGAENDTIAPVSSHAEPFYNSLPSSPEKAYLELNGASHFAPNSSNTTIAKYSISWLKRFVDNDTRYEQFLCPAPSPDSTISEYRDTCPH,5_445,II - ASR,0.002,0.002,0,0.001333333,0.001154701,0.000666667,0.002515444,0.002,0,0.001505148,0.00132873,0.000767143,0.378,0.00352733597883598
MADNPYERGPDPTESSIEASRGPFAVSQTSVSSLSVSGFGGGTIYYPTSTSEGTFGAVAISPGYTATQSSIAWLGPRLASQGFVVITIDTNSRYDQPDSRGDQLLAALDYLTQRSSVRSRIDPSRLAVMGHSMGGGGTLEAAEDRPSLKAAIPLTPWNTDKNWSSVRVPTLIIGAENDTIAPVSSHAEPFYNSLPSSPEKAYLELNGASHFAPNSSNTTIAKYSISWLKRFVDNDTRYEQFLCPAPSSDSTISEYRDTCPH,90_444,II - ASR,0.001,0.001,0.001,0.001,0,0,0.001257722,0.001,0.000658204,0.000971975,0.00030074,0.000173632,0.362,0.00276243093922652
AANPYERGPDPTEASLEASSGPFSVSQTSVSRLSASGFGGGTIYYPTTTSAGTYGAVAISPGYTATQSSIAWLGPRLASHGFVVITIDTNTTLDQPDSRARQLMAALNYLVNRSSVRSRIDSSRLAVMGHSMGGGGTLRAAEDNPSLKAAIPLTPWHTNKNWSSVRVPTLIIGAENDTIAPVSSHAKPFYNSLPSSTPKAYLELNGASHFAPNSSNTTIGKYSVSWLKRFVDNDTRYSQFLCPAPSDDSAISEYRSTCPY,AncG4_E27Q/S51A/F93L/H246S,IX - Recombinations,0,-0.001,0.003,0.000666667,0.002081666,0.00120185,0,-0.001,0.001974611,0.00032487,0.001513682,0.000873925,0.358,0.00186219832402235
MAENPYERGPDPTNASIEASRGPFAVSETSVSRLSASGFGGGTIYYPTSTSEGTFGAVAISPGYTGTQSSISWLGPRLASHGFVVITIDTNTTLDQPDSRASQLLAALDYLTQRSTVRSRIDASRLGVMGHSMGGGGTLRAAEQRPALQAAIPLTPWHTDKNWSSVRVPTLVIGAENDTIAPVSSHSEPFYTSLPSTLDKAYLELNGASHFAPNSSNTTIAKYSISWLKRFIDNDTRYEQFLCPAPRRGTLIEEYRDTCPH,80_644,II - ASR,0.003,0,-0.001,0.000666667,0.002081666,0.00120185,0.003773166,0,-0.000658204,0.001038321,0.002391201,0.001380561,0.371,0.0017969460916442
AANPYERGPDPTEASLEASSGPFSVSQTSVSRLSASGFGGGTIYYPTTTSSGTYGAVAISPGYTATQSSIAWLGPRLASHGFVVITIDTNTTFDQPDSRARQLMAALNYLVNRSSVRSRIDSSRLAVMGHSMGGGGTLRAAEDNPSLKAAIPLTPWHTNKNWSSVRVPTLIIGAENDTIAPVSSHAKPFYNSLPSSTPKAYLELNGASHFAPNSSNTTIGKYSVSWLKRFVDNDTRYSQFLCPAPHDDSAISEYRSTCPY,AncG4_E27Q,IX - Recombinations,0,-0.002,0.004,0.000666667,0.00305505,0.001763834,0,-0.002,0.002632815,0.000210938,0.002323599,0.001341531,0.373,0.0017873109919571
MANPYERGPNPTDALLEASSGPFSVSEENVSRLSASGFGGGTIYYPRENNTYGAVAISPGYTGTEASIAWLGERIASHGFVVITIDTITTLDQPDSRAEQLNAALNHMINRASSTVRSRIDSSRLAVMGHSMGGGGTLRLASQRPDLKAAIPLTPWHLNKNWSSVTVPTLIIGADLDTIAPVATHAKPFYNSLPSSISKAYLELDGATHFAPNIPNKIIGKYSVAWLKRFVDNDTRYTQFLCPGPRDGLFGEVEEYRSTCPF,Tfcut2_Q47RJ6,"I - Extants, Designs, ICCG",-0.001,-0.003,0.005,0.000333333,0.004163332,0.002403701,-0.001257722,-0.003,0.003291018,-0.000322235,0.003248166,0.001875329,0.356,0.000936328651685393
MDNPYERGPAPTNSSIEATRGPFAVSDTRVSSLVSGFGGGTIYYPTSTSSGTFGAVVISPGFTGTQSSIDWLGPRIASQGFVVFTIDTITIYDQPDSRASQLLAALDYLTQRSDVRSRIDASRLGVMGHSMGGGGTLRAAAQRPSLQAAIPLTGWHTTKNWSSVSVPTLVIGAESDSVAPVATHSEPFYTSLPSTLDKAYLELNNASHFAPNLPDTTIAKYSISWLKRFIDNDTRYEQFLCPGPGRSTQVEEYRNTCPNS,Tfcut2_A0A1G7NQR7,"I - Extants, Designs, ICCG",0.001,-0.002,0.002,0.000333333,0.002081666,0.00120185,0.001257722,-0.002,0.001316407,0.000191376,0.001898015,0.001095819,0.363,0.000918272727272727
MAENPYERGPDPTEASIEASRGPFAIAQVTVPSGSGSGFGGGTIYYPTDTSQGTFGAVAISPGFTATEASIAWLGPRLASQGFVVITIDTNSRYDFPDARADQLLAALDYLTQKSPVRSRIDPNRLAVMGHSMGGGGTLEAAEKRPSLKAAIPLAPWNTDKNFSSVRVPTMIIGAQNDTIAPVGSHAEPFYNSLPASPEKAYLELKGADHFAPTSPNTTIAKYSISWLKRFVDNDTRYDQFLCPAPSSDSAISAYRNTCPL,1_427,II - ASR,0,-0.001,0.001,0,0.001,0.00057735,0,-0.001,0.000658204,-0.000113932,0.000834952,0.00048206,0.349,0
MANPYERGPNPTDALLEASSGPFSVSEENVSRLSASGFGGGTIYYPRENNTYGAVAISPGYTGTEASIAWLGGRIASHGFVVITIDTITTLDQPDSRAEQLNAALNHMINRASSTVRSRIDSSRLAVMGHSMGGGGTPRLASQRPDLKAAIPLTPWHLNKNRSSVTVPTLIIGADLDTIAPVATHAKPFYNSLPSSISKAYLELDGATHFAPNIPNKIIGKYSVAWLKRFVDNDTRYTQFLCPGPRDGLFGEVEEYCSTCPF,Tfcut2_E9LVH7,"I - Extants, Designs, ICCG",-0.002,0.001,0,-0.000333333,0.001527525,0.000881917,-0.002515444,0.001,0,-0.000505148,0.001811344,0.00104578,0.365,-0.000913241095890411
MSDCGYERGPDPTEAYLEASSGPYTVSTINVSSLSVSGFGGGTIHYPTNTGTGKMAGIVVIPGYLSYESSIEWWGPRLASHGFVVMTIDTNTIYDQPSSRRDQIEAALDYLVDQSPISGMVDSNRLGAVGWSMGGGGTLQLASDNDGIKAAIPLAPWNSSFNFNSIETPTLIFACENDTIAPVRLHASPFYNAIPSSTDKAFFEINGGNHYCANGGDALLGKYGVSWMKLHLDQDQRYAQFLCPNHEQDRRISEYRGTCPY,35_486,II - ASR,0,-0.002,0.001,-0.000333333,0.001527525,0.000881917,0,-0.002,0.000658204,-0.000447265,0.001384394,0.00079928,0.35,-0.00095238
MSNPYQRGPNPTRSMLTADGPFSVATYTVSRLSVSGFGGGVIYYPTGTSLTFGGIAMSPGYTHDASSLAWLGRRLASHGRVVLVINTNSRFDYPDSRASQLSAALNYLRTSSPSAVRARLDANRLAVAGHSMGGGGTLRIAEQNPSLRAAVPLTPWHTDKTFNTSVPVLIVGAEADTVAPVSQHAIPFYQNLPSTTPKVYVELRNASHFAPNSNNAAISVYMISWMRLWVMNDTRYRQFLCNVNMPRLSDFRTNNRHCQ,4eb0_RS_H_top10,"I - Extants, Designs, ICCG",0,-0.001,0,-0.000333333,0.00057735,0.000333333,0,-0.001,0,-0.000333333,0.00057735,0.000333333,0.34,-0.000980391176470588
CAAPQQIGPDPTSASLNATAGPFAVSTSTVTLLSPRGFGGGTIYYPTTTSSGRYGVVAISPGFTATQSSIAWLGRRLATHGLVVITINTNTTLDQPASRATQLMAALNHVVNSSTVRSRVDSTRLAVAGHSMGGGGALIAAENNPTLKAALPLTPWNLSTSFTQVRVPTLIVGADGDTVASVAAHARPFYASLPASTFKAYAELNGATHFTPNSTNTPIGRYGVAWMKRFVDADTRYSPFLCGAAHQDAVFDRYNQNCPY,55_638,V - Alternate Reconstructions,0,-0.001,-0.001,-0.000666667,0.00057735,0.000333333,0,-0.001,-0.000658204,-0.000552735,0.000508274,0.000293452,0.372,-0.00179211559139785
MAANPYERGPDPTESSLEASSGPFSVSETSVSRLSVSGFGGGTIYYPTDTSEGTYGAVAISPGYTATQSSIAWLGPRLASHGFVVITIDTNSTFDQPDSRARQLQAALNYLVNSSSVRSRIDSNRLAVMGHSMGGGGTLRAAEDNPSLKAAIPLTPWHTNKNWSSVTVPTLIIGAENDTIAPVSSHAKPFYNSLPSSTSKAYLELNGASHFAPNSSNTTIGKYSISWLKRFVDNDTRYSQFLCPAPHDDSAISEYRSTCPY,75_539,II - ASR,0,-0.001,-0.001,-0.000666667,0.00057735,0.000333333,0,-0.001,-0.000658204,-0.000552735,0.000508274,0.000293452,0.361,-0.00184672299168975
MQSNPYQRGPDPTRASLEASDGPFSVSTTSVSSLSVSGFGGGTIYYPTSTSSGTFGAVAISPGYTATQSSIAWLGRRLASHGFVVITIDTNSRFDQPASRASQLLAALNYLTNSSSVRSRVDASRLAVAGHSMGGGGTLEAAEDNPSLKAAVPLTPWNTDKNWSEVRVPTLIIGAENDTVAPVSSHAIPFYNSLPSSTEKAYVELNGASHFAPNSSNTTISKYSISWMKRFVDNDTRYSQFLCGAPNQDSAISDYRTNCPH,40_562,II - ASR,0,-0.002,-0.001,-0.001,0.001,0.00057735,0,-0.002,-0.000658204,-0.000886068,0.001019285,0.000588484,0.355,-0.0028169014084507
MAENPYERGPDPTESSIEATRGPFAVSQTSVSSLSVSGFGGGTIYYPTSTSEGTFGAVAISPGYTATQSSIAWLGPRLASQGFVVFTIDTNTRYDQPASRGDQLLAALDYLTQRSSVRSRIDASRLAVMGHSMGGGGTLEAAKDRPSLQAAIPLTPWNLDKNWSEVRVPTLIIGAENDTVAPVSSHSEPFYNSLPSSPDKAYLELNGASHFAPNSSNTTIAKYSISWLKRFVDDDTRYEQFLCPAPSPDSAISEYRDTCPH,60_446,II - ASR,-0.001,-0.001,-0.002,-0.001333333,0.00057735,0.000333333,-0.001257722,-0.001,-0.001316407,-0.001191376,0.000168314,0.0000971763,0.36,-0.00370370277777778
MAENPYERGPAPTESSIEATRGPFAVSQTSVSSLSVSGFGGGTIYYPTSTSEGTFGAVAISPGYTASQSSIAWLGPRLASQGFVVFTIDTNTRYDQPASRGDQLLAALDYLTQRSSVRSRIDASRLGVMGHSMGGGGTLEAAKDRPSLQAAIPLTGWNLDKNWSEVRVPTLVIGAENDTIAPVSSHSEPFYNSLPSSLDKAYLELNGASHFAPNSSNTTIAKYSISWLKRFIDNDTRYEQFLCPAPRPGSTIEEYRDTCPH,15_421,II - ASR,-0.001,-0.002,-0.001,-0.001333333,0.00057735,0.000333333,-0.001257722,-0.002,-0.000658204,-0.001305309,0.000672163,0.000388073,0.358,-0.0037243938547486
MSNPYQRGPNPTRSALTADGPFSVATYTVSRLSVSGFGGGVIYYPTGTSLTFGGIAMSPGYTADASSLAWLGRRLASHGFVVLVINTNSRFDYPDSRASQLSAALNYLRTSSPSAVRARLDANRLAVAGHSMGGGGTLRIAEQNPSLRAAVPLTPWHYDKTFNTSVPVLIVGAEADTVAPVSQHAIPFYQNLPSTTPKVYVMLMNASHFAPNSNNWAISVYMISWMRLWVMNDTRYRQFLCNVNMPRLSDFRTNNRHCQ,4eb0_RS_NH_top10,"I - Extants, Designs, ICCG",-0.001,-0.004,0,-0.001666667,0.002081666,0.00120185,-0.001257722,-0.004,0,-0.001752574,0.002045399,0.001180912,0.366,-0.0045537349726776
MAENPYERGPDPTEASIEASRGPFAIAQVSVPSGSGSGFGGGTIYYPTDTSQGTFGAVAISPGFTATEASIAWLGPRLASQGFVVITIDTNSRYDQPDARADQLLAALDYLTQRSSVRSRIDPNRLAVMGHSMGGGGTLEAAENRPSLKAAIPLAPWNTDKNWSSVRVPTMIIGAENDTIAPVGSHAEPFYNSLPASPEKAYLELNGADHFAPTSSNTTIAKYSISWLKRFVDDDTRYDQFLCPAPSPDSAISEYRDTCPH,1_426,II - ASR,-0.001,-0.003,-0.003,-0.002333333,0.001154701,0.000666667,-0.001257722,-0.003,-0.001974611,-0.002077444,0.000875679,0.000505574,0.374,-0.00623885828877005
MAANPYERGPDPTESSLEASSGPFSVSETSVSRLSVSGFGGGTIYYPTSTSSGTYGAVAISPGYTATQSSIAWLGPRLASHGFVVITIDTNSTFDQPDSRARQLMAALDYLVNSSSVRSRIDSSRLAVMGHSMGGGGTLRAAEDRPSLKAAIPLTPWHTNKNWSSVRVPTLIIGAENDTVAPVSSHAKPFYNSLPSSTPKAYLELNGASHFAPNSSNTTIGKYSVAWLKRFVDNDTRYSQFLCPAPHDDSAISEYRSTCPY,10_543,II - ASR,-0.003,-0.003,-0.003,-0.003,5.31E-19,3.07E-19,-0.003773166,-0.003,-0.001974611,-0.002915926,0.00090222,0.000520897,0.353,-0.0084985835694051
